ترقيم البند,القطاع الرئيسي,القطاع الفرعي,التصنيف الفرعي,القطاع المعادل,الأضرار,"نوع القيمة (عدد، قيمة$)",نوع التدخل,التقدير,نوع التدخل,معامل التقدير,العدد المطلوب,قيمة/تكلفة وحدة التدخل$,إجمالي التكلفة$,,,
1001,القطاع الاجتماعي,الحماية الاجتماعية,الشهداء,الأضرار البشرية ,الشهداء,عدد,الإغاثة,30960,مساعدة نقدية ,1,30960,3000,92880000,,,
2001,القطاع الاجتماعي,الحماية الاجتماعية,الشهداء والمجازر والمفقودين,الأضرار البشرية ,مفقود تحت الأنقاض,عدد,الإغاثة,7000,مساعدة نقدية,1,7000,3000,21000000,,,لا يظهر في الصفحة المعروضة
2002,القطاع الاجتماعي,الحماية الاجتماعية,الشهداء والمجازر والمفقودين,الأضرار البشرية ,مفقود تحت الأنقاض,عدد,الإغاثة,7000,أعمال الانتشال من تحت الأنقاض,1,7000,500,3500000,,,
18001,القطاع الاجتماعي,الصحة والدعم النفسي الاجتماعي,المصابين,الأضرار البشرية ,المصابين,عدد,الإغاثة,72524,حقيبة طبية ,1,72524,30,2175720,,,
18002,القطاع الاجتماعي,الصحة والدعم النفسي الاجتماعي,المصابين,الأضرار البشرية ,المصابين,عدد,الإغاثة,72524,أدوية,1,72524,30,2175720,,,
24001,القطاع الاجتماعي,الصحة والدعم النفسي الاجتماعي,مستوى الإصابة,الأضرار البشرية ,إصابات شديدة,عدد,الإغاثة,14026,مساعدة نقدية,1,14026,3000,42078000,,,
24002,القطاع الاجتماعي,الصحة والدعم النفسي الاجتماعي,مستوى الإصابة,الأضرار البشرية ,إصابات شديدة,عدد,الإغاثة,14026,طرد مبيت,1,14026,17,238442,,,
24003,القطاع الاجتماعي,الصحة والدعم النفسي الاجتماعي,مستوى الإصابة,الأضرار البشرية ,إصابات شديدة,عدد,الإغاثة,14026,عمليات جراحية كبيرة,1,14026,7000,98182000,,,
24004,القطاع الاجتماعي,الصحة والدعم النفسي الاجتماعي,مستوى الإصابة,الأضرار البشرية ,إصابات شديدة,عدد,الإغاثة,14026,أدوات طبية مساعدة ,1,14026,100,1402600,,,
24005,القطاع الاجتماعي,الصحة والدعم النفسي الاجتماعي,مستوى الإصابة,الأضرار البشرية ,إصابات شديدة,عدد,الإغاثة,14026,خدمات تمريضية,1,14026,500,7013000,,,
24006,القطاع الاجتماعي,الصحة والدعم النفسي الاجتماعي,مستوى الإصابة,الأضرار البشرية ,إصابات شديدة,عدد,التعافي,14026,علاج طبيعي لمدة ستة شهور,1,14026,800,11220800,,,
24007,القطاع الاجتماعي,الصحة والدعم النفسي الاجتماعي,مستوى الإصابة,الأضرار البشرية ,إصابات شديدة,عدد,التعافي,14026,عمليات جراحية صغيرة,1,14026,100,1402600,,,
25001,القطاع الاجتماعي,الصحة والدعم النفسي الاجتماعي,مستوى الإصابة,الأضرار البشرية ,إصابة متوسطة,عدد,الإغاثة,26520,مساعدة نقدية,1,26520,1000,26520000,,,
25002,القطاع الاجتماعي,الصحة والدعم النفسي الاجتماعي,مستوى الإصابة,الأضرار البشرية ,إصابة متوسطة,عدد,الإغاثة,26520,طرد مبيت,1,26520,17,450840,,,
25003,القطاع الاجتماعي,الصحة والدعم النفسي الاجتماعي,مستوى الإصابة,الأضرار البشرية ,إصابة متوسطة,عدد,الإغاثة,26520,عمليات جراحية متوسطة,1,26520,1100,29172000,,,
25004,القطاع الاجتماعي,الصحة والدعم النفسي الاجتماعي,مستوى الإصابة,الأضرار البشرية ,إصابة متوسطة,عدد,الإغاثة,26520,أدوات طبية مساعدة ,1,26520,100,2652000,,,
25005,القطاع الاجتماعي,الصحة والدعم النفسي الاجتماعي,مستوى الإصابة,الأضرار البشرية ,إصابة متوسطة,عدد,الإغاثة,26520,خدمات تمريضية,1,26520,100,2652000,,,
26001,القطاع الاجتماعي,الصحة والدعم النفسي الاجتماعي,مستوى الإصابة,الأضرار البشرية ,إصابة طفيفة,عدد,الإغاثة,31978,مساعدة نقدية,1,31978,500,15989000,,,
26002,القطاع الاجتماعي,الصحة والدعم النفسي الاجتماعي,مستوى الإصابة,الأضرار البشرية ,إصابة طفيفة,عدد,الإغاثة,31978,خدمات تمريضية,0.8,25582.4,30,767472,,,
27001,القطاع الاجتماعي,الصحة والدعم النفسي الاجتماعي,مستوى الإصابة,الأضرار البشرية ,إصابات بالإعاقة,عدد,الإغاثة,13780,طرد مبيت,1,13780,17,234260,,,
27002,القطاع الاجتماعي,الصحة والدعم النفسي الاجتماعي,مستوى الإصابة,الأضرار البشرية ,إصابات بالإعاقة,عدد,الإغاثة,13780,عمليات جراحية كبيرة,1,13780,7000,96460000,,,
27003,القطاع الاجتماعي,الصحة والدعم النفسي الاجتماعي,مستوى الإصابة,الأضرار البشرية ,إصابات بالإعاقة,عدد,الإغاثة,13780,أدوات طبية مساعدة ,1,13780,100,1378000,,,
27004,القطاع الاجتماعي,الصحة والدعم النفسي الاجتماعي,مستوى الإصابة,الأضرار البشرية ,إصابات بالإعاقة,عدد,الإغاثة,13780,علاج طبيعي لمدة ستة أشهر,1,13780,800,11024000,,,
27005,القطاع الاجتماعي,الصحة والدعم النفسي الاجتماعي,مستوى الإصابة,الأضرار البشرية ,إصابات بالإعاقة,عدد,الإغاثة,13780,علاج نفسي للمصاب وعائلته,1,13780,400,5512000,,,
27006,القطاع الاجتماعي,الصحة والدعم النفسي الاجتماعي,مستوى الإصابة,الأضرار البشرية ,إصابات بالإعاقة,عدد,الإغاثة,13780,خدمات تمريضية,1,13780,250,3445000,,,
27007,القطاع الاجتماعي,الصحة والدعم النفسي الاجتماعي,مستوى الإصابة,الأضرار البشرية ,إصابات بالإعاقة,عدد,التعافي,13780,أطراف صناعية ,1,13780,5000,68900000,,,
27008,القطاع الاجتماعي,الصحة والدعم النفسي الاجتماعي,مستوى الإصابة,الأضرار البشرية ,إصابات بالإعاقة,عدد,التعافي,13780,كرسي كهربائي,1,13780,5000,68900000,,,
27009,القطاع الاجتماعي,الصحة والدعم النفسي الاجتماعي,مستوى الإصابة,الأضرار البشرية ,إصابات بالإعاقة,عدد,التعافي,13780,علاج طبيعي لمدة ستة شهور,1,13780,800,11024000,,,
27010,القطاع الاجتماعي,الصحة والدعم النفسي الاجتماعي,مستوى الإصابة,الأضرار البشرية ,إصابات بالإعاقة,عدد,التعافي,13780,علاج نفسي للمصاب وعائلته,1,13780,400,5512000,,,
27011,القطاع الاجتماعي,الصحة والدعم النفسي الاجتماعي,مستوى الإصابة,الأضرار البشرية ,إصابات بالإعاقة,عدد,التنمية,13780,"صندوق دعم  برامج الحماية الاجتماعية ""أيتام - فقراء - فئات مهمشة - ذوي إعاقة) سنوي ",1,1,100000000,100000000,,,
27012,القطاع الاجتماعي,الصحة والدعم النفسي الاجتماعي,مستوى الإصابة,الأضرار البشرية ,إصابات بالإعاقة,عدد,التنمية,13780,طاقة شمسية لمنزل مرض مزمن,1,13780,1500,20670000,,,
27013,القطاع الاجتماعي,الصحة والدعم النفسي الاجتماعي,مستوى الإصابة,الأضرار البشرية ,إصابات بالإعاقة,عدد,التنمية,13780,موائمة منزل لذوي الإعاقة,1,13780,1000,13780000,,,
27014,القطاع الاجتماعي,الصحة والدعم النفسي الاجتماعي,مستوى الإصابة,الأضرار البشرية ,إصابات بالإعاقة,عدد,التنمية,13780,كفالة تعليمية للأطفال ذوي الإعاقة ,1,5000,600,3000000,,,
40001,القطاع الاجتماعي,الحماية الاجتماعية,الأيتام,الأضرار البشرية ,الأيتام,عدد,الإغاثة,18374,كفالة نقدية للأيتام,1,18374,600,11024400,,,
40002,القطاع الاجتماعي,الحماية الاجتماعية,الأيتام,الأضرار البشرية ,الأيتام,عدد,التعافي,18374,كفالة سنوية للأيتام,1,18374,600,11024400,,,
40003,القطاع الاجتماعي,الحماية الاجتماعية,الأيتام,الأضرار البشرية ,الأيتام,عدد,التنمية,18374,الرعاية الشاملة للأيتام سنوياً,1,18374,1200,22048800,,,
45001,القطاع الاجتماعي,الحماية الاجتماعية,النازحين,الأضرار البشرية ,النازحين,عدد,الإغاثة,2000000,مساعدة نقدية ,1,2000000,200,400000000,,,
45002,القطاع الاجتماعي,الحماية الاجتماعية,النازحين,الأضرار البشرية ,النازحين,عدد,الإغاثة,2000000,السلة التموينية  6 شهور × 30$,1,2000000,180,360000000,,,
45003,القطاع الاجتماعي,الحماية الاجتماعية,النازحين,الأضرار البشرية ,النازحين,عدد,الإغاثة,2000000,وجبات ساخنة  3$ × 30  يوم × 6 شهور,1,2000000,720,1440000000,,,
45004,القطاع الاجتماعي,الحماية الاجتماعية,النازحين,الأضرار البشرية ,النازحين,عدد,الإغاثة,2000000,خبز 0.25$*30 يوم,1,2000000,540,1080000000,,,
45005,القطاع الاجتماعي,الحماية الاجتماعية,النازحين,الأضرار البشرية ,النازحين,عدد,الإغاثة,2000000,كسوة ,1,2000000,40,80000000,,,
45006,القطاع الاجتماعي,الحماية الاجتماعية,النازحين,الأضرار البشرية ,النازحين,عدد,الإغاثة,2000000,فرشات وبطانيات,1,2000000,40,80000000,,,
45007,القطاع الاجتماعي,الحماية الاجتماعية,النازحين,الأضرار البشرية ,النازحين,عدد,الإغاثة,2000000,حقيبة طبية ,1,2000000,30,60000000,,,
45008,القطاع الاجتماعي,الحماية الاجتماعية,النازحين,الأضرار البشرية ,النازحين,عدد,الإغاثة,2000000,قسائم شرائية,1,2000000,30,60000000,,,
45009,القطاع الاجتماعي,الحماية الاجتماعية,النازحين,الأضرار البشرية ,النازحين,عدد,الإغاثة,2000000,حقيبة نظافة,1,2000000,30,60000000,,,
45010,القطاع الاجتماعي,الحماية الاجتماعية,النازحين,الأضرار البشرية ,النازحين,عدد,الإغاثة,2000000,حقيبة نسائية,0.3,600000,55,33000000,,,
45011,القطاع الاجتماعي,الحماية الاجتماعية,النازحين,الأضرار البشرية ,النازحين,عدد,الإغاثة,2000000,حقيبة أطفال رضع,0.07,140000,30,4200000,,,
45012,القطاع الاجتماعي,الحماية الاجتماعية,النازحين,الأضرار البشرية ,النازحين,عدد,الإغاثة,2000000,حقيبة كبار السن,0.06,120000,30,3600000,,,
47001,القطاع الاجتماعي,الحماية الاجتماعية,النازحين,الأضرار البشرية ,مراكز الإيواء,عدد,الإغاثة,231,سقيا الماء / لمدة شهر 100$ × 30 يوم × 6 شهور,1,231,18000,4158000,,,
47002,القطاع الاجتماعي,الحماية الاجتماعية,النازحين,الأضرار البشرية ,مراكز الإيواء,عدد,الإغاثة,231,نقطة طبية لمدة 6 شهور,1,231,20000,4620000,,,
47003,القطاع الاجتماعي,الحماية الاجتماعية,النازحين,الأضرار البشرية ,مراكز الإيواء,عدد,التنمية,231,إنشاء مركز للمسنين,1,1,1000000,1000000,,,
52002,القطاع الاجتماعي,الصحة والدعم النفسي الاجتماعي,الدعم النفسي,الأضرار البشرية ,الأشخاص الذين يحتاجون دعم نفسي,عدد,التعافي,2000000,جلسات علاج نفسي 10 جلسة × 15,0.1,200000,150,30000000,,,
52003,القطاع الاجتماعي,الصحة والدعم النفسي الاجتماعي,الدعم النفسي,الأضرار البشرية ,الأشخاص الذين يحتاجون دعم نفسي,عدد,التنمية,2000000,إنشاء وتطوير مراكز الأهيل والاستشفاء,1,1,15000000,15000000,,,
53002,القطاع الاجتماعي,الصحة والدعم النفسي الاجتماعي,الدعم النفسي,الأضرار البشرية ,الأطفال الذين يحتاجون دعم نفسي,عدد,التعافي,780800,جلسات علاج نفسي 10 جلسة × 15,0.8,624640,150,93696000,,,
53003,القطاع الاجتماعي,الصحة والدعم النفسي الاجتماعي,الدعم النفسي,الأضرار البشرية ,الأطفال الذين يحتاجون دعم نفسي,عدد,التنمية,780800,"مركزى ""حماية"" للأطفال المشردين والمعنفين",1,1,2000000,2000000,,,
55001,القطاع الاجتماعي,الصحة والدعم النفسي الاجتماعي,المنشآت الصحية,الأضرار في قطاع الصحة,المستشفيات المتضررة بشكل بليغ أو كلي,عدد,الإغاثة,32,مستشفى ميداني,1,13,8400000,109200000,,,
55010,القطاع الاجتماعي,الصحة والدعم النفسي الاجتماعي,المنشآت الصحية,الأضرار في قطاع الصحة,المستشفيات المتضررة بشكل بليغ أو كلي,عدد,التعافي,32,إعادة إعمار وتجهيز مستشفى كامل,1,32,10000000,320000000,,,
55011,القطاع الاجتماعي,الصحة والدعم النفسي الاجتماعي,المنشآت الصحية,الأضرار في قطاع الصحة,المستشفيات المتضررة بشكل بليغ أو كلي,عدد,التنمية,32,طاقة شمسية لمستشفى ,1,35,1000000,35000000,,,
55012,القطاع الاجتماعي,الصحة والدعم النفسي الاجتماعي,المنشآت الصحية,الأضرار في قطاع الصحة,المستشفيات المتضررة بشكل بليغ أو كلي,عدد,التنمية,32,إنشاء وتأثيث مستشفى رفح,1,1,25000000,25000000,,,
55013,القطاع الاجتماعي,الصحة والدعم النفسي الاجتماعي,المنشآت الصحية,الأضرار في قطاع الصحة,المستشفيات المتضررة بشكل بليغ أو كلي,عدد,التنمية,32,زيادة قدرة منظومة خدمات الإسعاف والطوارئ والمستشفيات,1,1,5000000,5000000,,,
55014,القطاع الاجتماعي,الصحة والدعم النفسي الاجتماعي,المنشآت الصحية,الأضرار في قطاع الصحة,المستشفيات المتضررة بشكل بليغ أو كلي,عدد,التنمية,32,مبنى الباطنة والأطفال في مجمع ناصر الطبي,1,1,50000000,50000000,,,
55015,القطاع الاجتماعي,الصحة والدعم النفسي الاجتماعي,المنشآت الصحية,الأضرار في قطاع الصحة,المستشفيات المتضررة بشكل بليغ أو كلي,عدد,التنمية,32,مبنى الباطنة مجمع الشفاء,1,1,50000000,50000000,,,
55016,القطاع الاجتماعي,الصحة والدعم النفسي الاجتماعي,المنشآت الصحية,الأضرار في قطاع الصحة,المستشفيات المتضررة بشكل بليغ أو كلي,عدد,التنمية,32,استكمال مباني المستشفى الأوروبي,1,1,25000000,25000000,,,
55017,القطاع الاجتماعي,الصحة والدعم النفسي الاجتماعي,المنشآت الصحية,الأضرار في قطاع الصحة,المستشفيات المتضررة بشكل بليغ أو كلي,عدد,التنمية,32,إنشاء وتجهيز مركز الأورام ,1,1,34000000,34000000,,,
55018,القطاع الاجتماعي,الصحة والدعم النفسي الاجتماعي,المنشآت الصحية,الأضرار في قطاع الصحة,المستشفيات المتضررة بشكل بليغ أو كلي,عدد,التنمية,32,وحدة غسيل كلى,1,20,16000,320000,,,
56001,القطاع الاجتماعي,الصحة والدعم النفسي الاجتماعي,المنشآت الصحية,الأضرار في قطاع الصحة,عدد المستشفيات المتضررة جزئياً,عدد,الإغاثة,3,تشغيل الطواقم الطبية (6 أشهر),1,3,60000,180000,,,
56002,القطاع الاجتماعي,الصحة والدعم النفسي الاجتماعي,المنشآت الصحية,الأضرار في قطاع الصحة,عدد المستشفيات المتضررة جزئياً,عدد,التعافي,3,ترميم جزئي للمستشفيات,1,3,300000,900000,,,
56003,القطاع الاجتماعي,الصحة والدعم النفسي الاجتماعي,المنشآت الصحية,الأضرار في قطاع الصحة,عدد المستشفيات المتضررة جزئياً,عدد,التنمية,3,تمكين المستشفيات والعيادات الطبية,1,1,300000000,300000000,,,
57001,القطاع الاجتماعي,الصحة والدعم النفسي الاجتماعي,المنشآت الصحية,الأضرار في قطاع الصحة,المراكز الطبية المتضررة بشكل بليغ أو كلي,عدد,الإغاثة,53,توفير بنك دم متنقل ,1,5,58000,290000,,,
57002,القطاع الاجتماعي,الصحة والدعم النفسي الاجتماعي,المنشآت الصحية,الأضرار في قطاع الصحة,المراكز الطبية المتضررة بشكل بليغ أو كلي,عدد,التعافي,53,إعادة إعمار  وتجهيز مركز طبي,1,5,4000000,20000000,,,
57003,القطاع الاجتماعي,الصحة والدعم النفسي الاجتماعي,المنشآت الصحية,الأضرار في قطاع الصحة,المراكز الطبية المتضررة بشكل بليغ أو كلي,عدد,التنمية,53,طاقة شمسية لمركز طبي,1,53,150000,7950000,,,
59002,القطاع الاجتماعي,الصحة والدعم النفسي الاجتماعي,المنشآت الصحية,الأضرار في قطاع الصحة,العيادات المتضررة بشكل بليغ أو كلي,عدد,التعافي,40,إعادةإعمار وتجهيز عيادة طبية,1,40,100000,4000000,,,
59003,القطاع الاجتماعي,الصحة والدعم النفسي الاجتماعي,المنشآت الصحية,الأضرار في قطاع الصحة,العيادات المتضررة بشكل بليغ أو كلي,عدد,التنمية,40,توفير بنك دم متنقل ,1,5,58000,290000,,,
60002,القطاع الاجتماعي,الصحة والدعم النفسي الاجتماعي,المنشآت الصحية,الأضرار في قطاع الصحة,العيادات المتضررة جزئياً,عدد,التعافي,84,ترميم جزئي للعيادات ,1,0,10000,0,,,
60003,القطاع الاجتماعي,الصحة والدعم النفسي الاجتماعي,المنشآت الصحية,الأضرار في قطاع الصحة,العيادات المتضررة جزئياً,عدد,التنمية,84,مشروع خدمات دعم الأم والطفل والخدج في قطاع غزة ,1,1,386185,386185,,,
61002,القطاع الاجتماعي,الصحة والدعم النفسي الاجتماعي,المنشآت الصحية,الأضرار في قطاع الصحة,المستشفيات التي خرجت عن الخدمة ,عدد,التنمية,31,مركز طوارئ وولادة آمنة ,1,1,795000,795000,,,
62002,القطاع الاجتماعي,الصحة والدعم النفسي الاجتماعي,المنشآت الصحية,الأضرار في قطاع الصحة,المراكز الطبية التي خرجت عن الخدمة ,عدد,التنمية,53,طاقة شمسية للمراكز الطبية ,0.9,53,50000,2650000,,,
64002,القطاع الاجتماعي,الصحة والدعم النفسي الاجتماعي,مركبات الإسعاف والأجهزة والمعدات الطبية,الأضرار في قطاع الصحة,مركبات إسعاف متضررة جزئياً,عدد,التعافي,43,صيانة مركبات الإسعاف,1,53,5000,265000,,,
82001,القطاع الاجتماعي,الصحة والدعم النفسي الاجتماعي,الأدوية والمستلزمات الطبية,الأضرار في قطاع الصحة,الأدوية ,قيمة إجمالية,الإغاثة,223963122,توفير الأدوية للمستشفيات والمراكز الطبية ,1,223963122,1,223963122,,,
82002,القطاع الاجتماعي,الصحة والدعم النفسي الاجتماعي,الأدوية والمستلزمات الطبية,الأضرار في قطاع الصحة,الأدوية ,قيمة إجمالية,التعافي,223963122,توفير الأدوية للمستشفيات والمراكز الطبية ,1,223963122,1,223963122,,,
82003,القطاع الاجتماعي,الصحة والدعم النفسي الاجتماعي,الأدوية والمستلزمات الطبية,الأضرار في قطاع الصحة,الأدوية ,قيمة إجمالية,التنمية,223963122,تزويد مرافق وزارة الصحة بالأدوية (سنوي تشغيلي),1,1,40000000,40000000,,,
83001,القطاع الاجتماعي,الصحة والدعم النفسي الاجتماعي,الأدوية والمستلزمات الطبية,الأضرار في قطاع الصحة,المستلزمات الطبية ,قيمة إجمالية,الإغاثة,74459959,توفير المستلزمات الطبية للمستشفيات والمراكز الطبية ,1,74459959,1,74459959,,,
83002,القطاع الاجتماعي,الصحة والدعم النفسي الاجتماعي,الأدوية والمستلزمات الطبية,الأضرار في قطاع الصحة,المستلزمات الطبية ,قيمة إجمالية,التعافي,74459959,توفير المستلزمات الطبية للمستشفيات والمراكز الطبية ,1,74459959,1,74459959,,,
83003,القطاع الاجتماعي,الصحة والدعم النفسي الاجتماعي,الأدوية والمستلزمات الطبية,الأضرار في قطاع الصحة,المستلزمات الطبية ,قيمة إجمالية,التنمية,74459959,تزويد مرافق وزارة الصحة بالمستهلكات الطبية (سنوي تشغيلي),1,1,8500000,8500000,,,
84001,القطاع الاجتماعي,الصحة والدعم النفسي الاجتماعي,مركبات الإسعاف والأجهزة والمعدات الطبية,الأضرار في قطاع الصحة,الأجهزة والمعدات ,قيمة إجمالية,الإغاثة,139060302,توفير الأجهزة الطبية للمستشفيات والمراكز الطبية ,1,139060302,1,139060302,,,
84002,القطاع الاجتماعي,الصحة والدعم النفسي الاجتماعي,مركبات الإسعاف والأجهزة والمعدات الطبية,الأضرار في قطاع الصحة,الأجهزة والمعدات ,قيمة إجمالية,التعافي,139060302,توفير الأجهزة الطبية للمستشفيات والمراكز الطبية ,1,139060302,1,139060302,,,
85001,القطاع الاجتماعي,الصحة والدعم النفسي الاجتماعي,الوقود,الأضرار في قطاع الصحة,وقود لمولدات المستشفيات ومركبات الإسعاف شهرياً باللتر,قيمة إجمالية,الإغاثة,2200000,توفير وقود للمستشفيات  ومركبات الإسعاف لستة شهور,1,2200000,1,2200000,,,
85003,القطاع الاجتماعي,الصحة والدعم النفسي الاجتماعي,الوقود,الأضرار في قطاع الصحة,وقود لمولدات المستشفيات ومركبات الإسعاف شهرياً باللتر,قيمة إجمالية,التنمية,2200000,تزويد مرافق وزارة الصحة بالوقود (سنوي تشغيلي),1,1,6000000,6000000,,,
85004,القطاع الاجتماعي,الصحة والدعم النفسي الاجتماعي,الوقود,الأضرار في قطاع الصحة,وقود لمولدات المستشفيات ومركبات الإسعاف شهرياً باللتر,قيمة إجمالية,التنمية,2200000,صيانة مولدات وزارة الصحة وتزويد ب 20 مولد جديد,1,1,4000000,4000000,,,
87002,القطاع الاجتماعي,التعليم,الجامعات,الأضرار في قطاع التعليم ,الجامعات المتضررة بشكل بليغ أو كلي,عدد,التعافي,7,إعادة إعمار الجامعات المدمرة ,1,7,15000000,105000000,,,
87003,القطاع الاجتماعي,التعليم,الجامعات,الأضرار في قطاع التعليم ,الجامعات المتضررة بشكل بليغ أو كلي,عدد,التنمية,7,طاقة شمسية لجامعة ,1,29,300000,8700000,,,
88002,القطاع الاجتماعي,التعليم,الجامعات,الأضرار في قطاع التعليم ,الجامعات المتضررة جزئياً/ مبنى,عدد,التعافي,22,ترميم جزئي للجامعات المتضررة,1,22,500000,11000000,,,
88003,القطاع الاجتماعي,التعليم,الجامعات,الأضرار في قطاع التعليم ,الجامعات المتضررة جزئياً/ مبنى,عدد,التنمية,22,توجيه الأبحاث العلمية نحو الأولويات الوطنية ,1,10,200000,2000000,,,
89001,القطاع الاجتماعي,التعليم,الجامعات,الأضرار في قطاع التعليم ,طالب جامعة انقطع عن التعليم,عدد,الإغاثة,86841,دفع الرسوم الدراسية لمدة فصل دراسي شاملة القرطاسية والمواصلات,1,86841,800,69472800,,,
89002,القطاع الاجتماعي,التعليم,الجامعات,الأضرار في قطاع التعليم ,طالب جامعة انقطع عن التعليم,عدد,التعافي,86841,دفع الرسوم الدراسية لمدة سنة دراسية,1,86841,1000,86841000,,,
90001,القطاع الاجتماعي,التعليم,المدارس,الأضرار في قطاع التعليم ,عدد المدارس المتضررة بشكل بليغ أو كلي,عدد,الإغاثة,100,خيم دراسية,1,100,1000,100000,,,
90002,القطاع الاجتماعي,التعليم,المدارس,الأضرار في قطاع التعليم ,عدد المدارس المتضررة بشكل بليغ أو كلي,عدد,التعافي,100,إعادة إعمار المدارس المدمرة ,1,100,1500000,150000000,,,
90003,القطاع الاجتماعي,التعليم,المدارس,الأضرار في قطاع التعليم ,عدد المدارس المتضررة بشكل بليغ أو كلي,عدد,التنمية,100,طاقة شمسية لمدرسة,1,796,50000,39800000,,,
91001,القطاع الاجتماعي,التعليم,المدارس,الأضرار في قطاع التعليم ,عدد المدارس المتضررة جزئياً,عدد,الإغاثة,295,خيم دراسية,0.5,147.5,1000,147500,,,
91004,القطاع الاجتماعي,التعليم,المدارس,الأضرار في قطاع التعليم ,عدد المدارس المتضررة جزئياً,عدد,التعافي,295,ترميم المدارس جزئياً,1,295,50000,14750000,,,
91005,القطاع الاجتماعي,التعليم,المدارس,الأضرار في قطاع التعليم ,عدد المدارس المتضررة جزئياً,عدد,التنمية,295,إنشاء 86 مدرسة جديدة وتأثيثها,1,86,1020000,87720000,,,
91006,القطاع الاجتماعي,التعليم,المدارس,الأضرار في قطاع التعليم ,عدد المدارس المتضررة جزئياً,عدد,التنمية,295,مختبر حاسوب للمدارس,1,100,25000,2500000,,,
91007,القطاع الاجتماعي,التعليم,المدارس,الأضرار في قطاع التعليم ,عدد المدارس المتضررة جزئياً,عدد,التنمية,295,إنشاء مدرسة للموهوبين,1,5,1500000,7500000,,,
94002,القطاع الاجتماعي,التعليم,المدارس,الأضرار في قطاع التعليم ,عدد المدارس التي تستخدم كمأوى,عدد,التعافي,231,إعادة تأهيل وصيانة,1,231,50000,11550000,,,
95001,القطاع الاجتماعي,التعليم,المدارس,الأضرار في قطاع التعليم ,طالب مدرسة انقطع عن التعليم,عدد,الإغاثة,760062,حقيبة دراسية,1,760062,30,22801860,,,
95002,القطاع الاجتماعي,التعليم,المدارس,الأضرار في قطاع التعليم ,طالب مدرسة انقطع عن التعليم,عدد,التعافي,760062,حقيبة دراسية,1,760062,30,22801860,,,
96002,القطاع الاجتماعي,التعليم,المراكز التعليمية,الأضرار في قطاع التعليم ,مراكز تعليمية بمتضررة شكل بليغ أو كلي,عدد,التعافي,87,إعادة إعمار المنشآت التعليمية المتضررة,1,87,250000,21750000,,,
96003,القطاع الاجتماعي,التعليم,المراكز التعليمية,الأضرار في قطاع التعليم ,مراكز تعليمية بمتضررة شكل بليغ أو كلي,عدد,التنمية,87,ترميم مراكز التديب المهني,1,1,15000000,15000000,,,
97004,القطاع الاجتماعي,التعليم,المراكز التعليمية,الأضرار في قطاع التعليم ,مراكز تعليمية متضررة بشكل جزئي,عدد,التعافي,639,ترميم جزئي للمنشآت التعليمية المتضررة,1,639,25000,15975000,,,
97005,القطاع الاجتماعي,التعليم,المراكز التعليمية,الأضرار في قطاع التعليم ,مراكز تعليمية متضررة بشكل جزئي,عدد,التنمية,639,بناء مراكز تعليمية ,1,20,300000,6000000,,,
97006,القطاع الاجتماعي,التعليم,المراكز التعليمية,الأضرار في قطاع التعليم ,مراكز تعليمية متضررة بشكل جزئي,عدد,التنمية,639,طاقة شمسية لمركز تعليمي,1,20,50000,1000000,,,
98002,القطاع الاجتماعي,التعليم,رياض الأطفال,الأضرار في قطاع التعليم ,رياض الأطفال  المتضرر بشكل بليغ أو كلي,عدد,التعافي,87,إعادة إعمار ,1,87,250000,21750000,,,
98003,القطاع الاجتماعي,التعليم,رياض الأطفال,الأضرار في قطاع التعليم ,رياض الأطفال  المتضرر بشكل بليغ أو كلي,عدد,التنمية,87,بناء رياض أطفال ,1,20,250000,5000000,,,
99002,القطاع الاجتماعي,التعليم,رياض الأطفال,الأضرار في قطاع التعليم ,رياض الأطفال  المتضرر جزئياً,عدد,التعافي,285,ترميم جزئي,1,285,25000,7125000,,,
99003,القطاع الاجتماعي,التعليم,رياض الأطفال,الأضرار في قطاع التعليم ,رياض الأطفال  المتضرر جزئياً,عدد,التنمية,285,طاقة شمسية لرياض أطفال,1,20,50000,1000000,,,
100001,القطاع الاجتماعي,التعليم,رياض الأطفال,الأضرار في قطاع التعليم ,طالب رياض أطفال انقطع عن التعليم,عدد,الإغاثة,158995,رسوم رياض الأطفال لمدة فصل مع القرطاسية والمواصلات,1,158995,300,47698500,,,
100002,القطاع الاجتماعي,التعليم,رياض الأطفال,الأضرار في قطاع التعليم ,طالب رياض أطفال انقطع عن التعليم,عدد,التعافي,158995,رسوم رياض الأطفال لمدة سنة,1,158995,400,63598000,,,
102005,القطاع الاجتماعي,المجتمع المدني والمؤسسات الدينية والثقافية,المؤسسات الخيرية,الأضرار في القطاع الثقافي والمؤسساتي,مؤسسات خيرية متضررة بشكل بليغ أو كلي,عدد,التعافي,29,إعادة إعمار وترميم ,1,29,100000,2900000,,,
102006,القطاع الاجتماعي,المجتمع المدني والمؤسسات الدينية والثقافية,المؤسسات الخيرية,الأضرار في القطاع الثقافي والمؤسساتي,مؤسسات خيرية متضررة بشكل بليغ أو كلي,عدد,التنمية,29,الاستقلال المالي للجمعيات ,1,1,2000000,2000000,,,
102007,القطاع الاجتماعي,المجتمع المدني والمؤسسات الدينية والثقافية,المؤسسات الخيرية,الأضرار في القطاع الثقافي والمؤسساتي,مؤسسات خيرية متضررة بشكل بليغ أو كلي,عدد,التنمية,29,المعهد الوطني للتدريب الأهلي,1,1,1800000,1800000,,,
102008,القطاع الاجتماعي,المجتمع المدني والمؤسسات الدينية والثقافية,المؤسسات الخيرية,الأضرار في القطاع الثقافي والمؤسساتي,مؤسسات خيرية متضررة بشكل بليغ أو كلي,عدد,التنمية,29,تطوير الكوادر الإنسانية بخبرات عالمية ,1,1,200000,200000,,,
102009,القطاع الاجتماعي,المجتمع المدني والمؤسسات الدينية والثقافية,المؤسسات الخيرية,الأضرار في القطاع الثقافي والمؤسساتي,مؤسسات خيرية متضررة بشكل بليغ أو كلي,عدد,التنمية,29,حقيبة أدلة عمل الجمعيات الخيرية المحوسبة,1,1,300000,300000,,,
103002,القطاع الاجتماعي,المجتمع المدني والمؤسسات الدينية والثقافية,المؤسسات الخيرية,الأضرار في القطاع الثقافي والمؤسساتي,مؤسسات خيرية متضررة جزئياً,عدد,التعافي,321,ترميم جزئي,1,321,30000,9630000,,,
104002,القطاع الاجتماعي,المجتمع المدني والمؤسسات الدينية والثقافية,الأندية الرياضية,الأضرار في القطاع الثقافي والمؤسساتي,الأندية الرياضية المتضررة,عدد,التعافي,61,إعادة إعمار وترميم,1,61,50000,,,,
104003,القطاع الاجتماعي,المجتمع المدني والمؤسسات الدينية والثقافية,الأندية الرياضية,الأضرار في القطاع الثقافي والمؤسساتي,الأندية الرياضية المتضررة,عدد,التنمية,61,مشروع المدينة الرياضية المركزية ,1,1,26000000,26000000,,,
105002,القطاع الاجتماعي,المجتمع المدني والمؤسسات الدينية والثقافية,المؤسسات الإعلامية,الأضرار في القطاع الثقافي والمؤسساتي,المؤسسات الإعلامية المتضررة بشكل بليغ أو كلي,عدد,التعافي,173,إعادة إعمار وترميم ,1,173,100000,17300000,,,
106002,القطاع الاجتماعي,المجتمع المدني والمؤسسات الدينية والثقافية,المؤسسات الإعلامية,الأضرار في القطاع الثقافي والمؤسساتي,المؤسسات الإعلامية المتضررة جزئياً,عدد,التعافي,78,ترميم جزئي,1,78,30000,2340000,,,
107001,القطاع الاجتماعي,المجتمع المدني والمؤسسات الدينية والثقافية,المساجد,الأضرار في القطاع الثقافي والمؤسساتي,عدد المساجد المتضررة بشكل بليغ أو كلي,عدد,الإغاثة,219,خيم مساجد,1,219,3000,657000,,,
107002,القطاع الاجتماعي,المجتمع المدني والمؤسسات الدينية والثقافية,المساجد,الأضرار في القطاع الثقافي والمؤسساتي,عدد المساجد المتضررة بشكل بليغ أو كلي,عدد,التعافي,219,إعادة إعمار وترميم المساجد ,1,219,254000,55626000,,,
107003,القطاع الاجتماعي,المجتمع المدني والمؤسسات الدينية والثقافية,المساجد,الأضرار في القطاع الثقافي والمؤسساتي,عدد المساجد المتضررة بشكل بليغ أو كلي,عدد,التنمية,219,طاقة شمسية للمساجد,1,1000,8000,8000000,,,
108001,القطاع الاجتماعي,المجتمع المدني والمؤسسات الدينية والثقافية,المساجد,الأضرار في القطاع الثقافي والمؤسساتي,عدد المساجد المتضررة جزئياً,عدد,الإغاثة,287,خيم مساجد,0.5,143.5,3000,430500,,,
108002,القطاع الاجتماعي,المجتمع المدني والمؤسسات الدينية والثقافية,المساجد,الأضرار في القطاع الثقافي والمؤسساتي,عدد المساجد المتضررة جزئياً,عدد,التعافي,287,ترميم جزئي للمساجد المتضررة,1,287,10000,2870000,,,
109002,القطاع الاجتماعي,المجتمع المدني والمؤسسات الدينية والثقافية,الكنائس,الأضرار في القطاع الثقافي والمؤسساتي,عدد الكنائس المتضررة بشكل بليغ أو كلي,عدد,التعافي,1,إعادة إعمار الكنائس المدمرة,1,1,254000,254000,,,
109003,القطاع الاجتماعي,المجتمع المدني والمؤسسات الدينية والثقافية,الكنائس,الأضرار في القطاع الثقافي والمؤسساتي,عدد الكنائس المتضررة بشكل بليغ أو كلي,عدد,التنمية,1,طاقة شمسية للكنائس,1,3,8000,24000,,,
110002,القطاع الاجتماعي,المجتمع المدني والمؤسسات الدينية والثقافية,الكنائس,الأضرار في القطاع الثقافي والمؤسساتي,عدد الكنائس المتضررة جزئياً,عدد,التعافي,2,ترميم جزئي للكنائس المتضررة,1,2,10000,20000,,,
111002,القطاع الاجتماعي,المجتمع المدني والمؤسسات الدينية والثقافية,المواقع الاثرية والثقافية,الأضرار في القطاع الثقافي والمؤسساتي,المواقع الأثرية والتراثية والمراكز الثقافي المتضررة بشكل بليغ أو كلي,عدد,التعافي,200,إعادة إعمار ,1,200,200000,40000000,,,
112002,القطاع الاجتماعي,المجتمع المدني والمؤسسات الدينية والثقافية,المواقع الاثرية والثقافية,الأضرار في القطاع الثقافي والمؤسساتي,المواقع الأثرية والتراثية والمراكز الثقافي المتضررة جزئياً,عدد,التعافي,75,ترميم جزئي,1,75,50000,3750000,,,
114001,البنية التحتية,السكن والمأوى,الوحدات السكنية,الأضرار في قطاع الإيواء والخدمات العامة,وحدة سكنية مدمرة كلياً,عدد,الإغاثة,70000,مساعدة نقدية,1,70000,5000,350000000,,,
114002,البنية التحتية,السكن والمأوى,الوحدات السكنية,الأضرار في قطاع الإيواء والخدمات العامة,وحدة سكنية مدمرة كلياً,عدد,الإغاثة,70000,بدل إيجار ل6 أشهر لما نسبته 5%,0.05,3500,1200,4200000,,,
114003,البنية التحتية,السكن والمأوى,الوحدات السكنية,الأضرار في قطاع الإيواء والخدمات العامة,وحدة سكنية مدمرة كلياً,عدد,الإغاثة,70000,تأثيث المنازل لما نسبته 5%,0.05,3500,5000,17500000,,,
114004,البنية التحتية,السكن والمأوى,الوحدات السكنية,الأضرار في قطاع الإيواء والخدمات العامة,وحدة سكنية مدمرة كلياً,عدد,الإغاثة,70000,بيت مؤقت كرافان لما نسبته 95%,0.95,66500,2500,166250000,,,
114005,البنية التحتية,السكن والمأوى,الوحدات السكنية,الأضرار في قطاع الإيواء والخدمات العامة,وحدة سكنية مدمرة كلياً,عدد,الإغاثة,70000,حمامات عامة مؤقتة لما نسبته 95%,0.95,66500,400,26600000,,,
114006,البنية التحتية,السكن والمأوى,الوحدات السكنية,الأضرار في قطاع الإيواء والخدمات العامة,وحدة سكنية مدمرة كلياً,عدد,الإغاثة,70000,تجهيزات وتأثيث بيت مؤقت ولاحقا للبيت بعد الإعمار لما نسبته 95%,0.95,66500,7000,465500000,,,
114007,البنية التحتية,السكن والمأوى,الوحدات السكنية,الأضرار في قطاع الإيواء والخدمات العامة,وحدة سكنية مدمرة كلياً,عدد,التعافي,70000,إعادة إعمار وحدة سكنية مدمرة,1,70000,50000,3500000000,,,
114008,البنية التحتية,السكن والمأوى,الوحدات السكنية,الأضرار في قطاع الإيواء والخدمات العامة,وحدة سكنية مدمرة كلياً,عدد,التعافي,70000,بدل إيجار لسنة,0.1,7000,24000,168000000,,,
114009,البنية التحتية,السكن والمأوى,الوحدات السكنية,الأضرار في قطاع الإيواء والخدمات العامة,وحدة سكنية مدمرة كلياً,عدد,التنمية,70000,بناء وحدات سكنية,1,30000,40000,1200000000,,,
114010,البنية التحتية,السكن والمأوى,الوحدات السكنية,الأضرار في قطاع الإيواء والخدمات العامة,وحدة سكنية مدمرة كلياً,عدد,التنمية,70000,تسجيل وتوثيق الوحدات السكنية والعقارات في قطاع غزة,1,1,5000000,5000000,,,
114011,البنية التحتية,السكن والمأوى,الوحدات السكنية,الأضرار في قطاع الإيواء والخدمات العامة,وحدة سكنية مدمرة كلياً,عدد,التنمية,70000,إمداد بيوت الفقراء بالطاقة البديلة ,1,100000,1500,150000000,,,
114012,البنية التحتية,السكن والمأوى,الوحدات السكنية,الأضرار في قطاع الإيواء والخدمات العامة,وحدة سكنية مدمرة كلياً,عدد,التنمية,70000,تأهيل سقف منزل,1,20000,600,12000000,,,
115001,البنية التحتية,السكن والمأوى,الوحدات السكنية,الأضرار في قطاع الإيواء والخدمات العامة,وحدة سكنية مدمرة بشكل بليغ,عدد,الإغاثة,22200,مساعدة نقدية,1,22200,5000,111000000,,,
115002,البنية التحتية,السكن والمأوى,الوحدات السكنية,الأضرار في قطاع الإيواء والخدمات العامة,وحدة سكنية مدمرة بشكل بليغ,عدد,الإغاثة,22200,بدل إيجار ل6 أشهر لما نسبته 5%,0.05,1110,1200,1332000,,,
115003,البنية التحتية,السكن والمأوى,الوحدات السكنية,الأضرار في قطاع الإيواء والخدمات العامة,وحدة سكنية مدمرة بشكل بليغ,عدد,الإغاثة,22200,تأثيث المنازل لما نسبته 5%,0.05,1110,5000,5550000,,,
115004,البنية التحتية,السكن والمأوى,الوحدات السكنية,الأضرار في قطاع الإيواء والخدمات العامة,وحدة سكنية مدمرة بشكل بليغ,عدد,الإغاثة,22200,بيت مؤقت كرافان لما نسبته 95%,0.95,21090,2500,52725000,,,
115005,البنية التحتية,السكن والمأوى,الوحدات السكنية,الأضرار في قطاع الإيواء والخدمات العامة,وحدة سكنية مدمرة بشكل بليغ,عدد,الإغاثة,22200,حمامات عامة مؤقتة لما نسبته 95%,0.95,21090,400,8436000,,,
115006,البنية التحتية,السكن والمأوى,الوحدات السكنية,الأضرار في قطاع الإيواء والخدمات العامة,وحدة سكنية مدمرة بشكل بليغ,عدد,الإغاثة,22200,تجهيزات وتأثيث بيت مؤقت ولاحقا للبيت بعد الإعمار لما نسبته 95%,1,22200,7000,155400000,,,
115007,البنية التحتية,السكن والمأوى,الوحدات السكنية,الأضرار في قطاع الإيواء والخدمات العامة,وحدة سكنية مدمرة بشكل بليغ,عدد,التعافي,22200,إعادة إعمار وحدة سكنية مدمرة,1,22200,50000,1110000000,,,
115008,البنية التحتية,السكن والمأوى,الوحدات السكنية,الأضرار في قطاع الإيواء والخدمات العامة,وحدة سكنية مدمرة بشكل بليغ,عدد,التعافي,22200,بدل إيجار لسنة,0.1,2220,24000,53280000,,,
115009,البنية التحتية,السكن والمأوى,الوحدات السكنية,الأضرار في قطاع الإيواء والخدمات العامة,وحدة سكنية مدمرة بشكل بليغ,عدد,التنمية,22200,إعادة بناء بيوت غير صالحة للسكن,1,22000,40000,880000000,,,
115010,البنية التحتية,السكن والمأوى,الوحدات السكنية,الأضرار في قطاع الإيواء والخدمات العامة,وحدة سكنية مدمرة بشكل بليغ,عدد,التنمية,22200,بناء مدينة خيرية للإسكان,1,20,8900000,178000000,,,
115011,البنية التحتية,السكن والمأوى,الوحدات السكنية,الأضرار في قطاع الإيواء والخدمات العامة,وحدة سكنية مدمرة بشكل بليغ,عدد,التنمية,22200,صندوق القرض الحسن للإسكان,1,1,20000000,20000000,,,
116001,البنية التحتية,السكن والمأوى,الوحدات السكنية,الأضرار في قطاع الإيواء والخدمات العامة,وحدة سكنية مدمرة بشكل جزئي,عدد,الإغاثة,230300,مساعدة نقدية,1,230300,2500,575750000,,,
116002,البنية التحتية,السكن والمأوى,الوحدات السكنية,الأضرار في قطاع الإيواء والخدمات العامة,وحدة سكنية مدمرة بشكل جزئي,عدد,الإغاثة,230300,خيمة عائلية واقية للحر والبرد والمطر,1,230300,700,161210000,,,
116003,البنية التحتية,السكن والمأوى,الوحدات السكنية,الأضرار في قطاع الإيواء والخدمات العامة,وحدة سكنية مدمرة بشكل جزئي,عدد,الإغاثة,230300,حمامات عامة مؤقتة,1,230300,400,92120000,,,
116004,البنية التحتية,السكن والمأوى,الوحدات السكنية,الأضرار في قطاع الإيواء والخدمات العامة,وحدة سكنية مدمرة بشكل جزئي,عدد,الإغاثة,230300,تأثيث للخيمة أو البيت المتضرر,1,230300,2000,460600000,,,
116005,البنية التحتية,السكن والمأوى,الوحدات السكنية,الأضرار في قطاع الإيواء والخدمات العامة,وحدة سكنية مدمرة بشكل جزئي,عدد,التعافي,230300,ترميم جزئي لمنازل المتضررين,1,230300,5000,1151500000,,,
116006,البنية التحتية,السكن والمأوى,الوحدات السكنية,الأضرار في قطاع الإيواء والخدمات العامة,وحدة سكنية مدمرة بشكل جزئي,عدد,التنمية,230300,إعادة ترميم بيوت غير لائقة,1,60000,6500,390000000,,,
120002,البنية التحتية,المنشآت الحكومية والعامة,المباني والمرافق الحكومية,الأضرار في قطاع الإيواء والخدمات العامة,مباني ومرافق حكومية متضررة بشكل بليغ أو كلي,عدد,التعافي,166,إعادة ترميم وتأهيل ,1,166,500000,83000000,,,
120003,البنية التحتية,المنشآت الحكومية والعامة,المباني والمرافق الحكومية,الأضرار في قطاع الإيواء والخدمات العامة,مباني ومرافق حكومية متضررة بشكل بليغ أو كلي,عدد,التنمية,166,التجديد الحضري,1,1,200000000,200000000,,,
121002,البنية التحتية,المنشآت الحكومية والعامة,المباني والمرافق الحكومية,الأضرار في قطاع الإيواء والخدمات العامة,مباني ومرافق حكومية متضررة جزئياً,عدد,التعافي,60,ترميم جزئي وتأهيل,1,60,50000,3000000,,,
121003,البنية التحتية,المنشآت الحكومية والعامة,المباني والمرافق الحكومية,الأضرار في قطاع الإيواء والخدمات العامة,مباني ومرافق حكومية متضررة جزئياً,عدد,التنمية,60,الحكومة الالكترونية الفلسطينية,1,1,300000000,300000000,,,
124005,البنية التحتية,المعابر,المعابر,الأضرار في قطاع البنية التحتية,المعابر الحدودية المتضررة,عدد,التعافي,3,إعادة ترميم وتأهيل ,1,3,5000000,15000000,,,
124006,البنية التحتية,المعابر,المعابر,الأضرار في قطاع البنية التحتية,المعابر الحدودية المتضررة,عدد,التعافي,3,إعادة تأهيل الموانئ البحرية,1,2,2000000,4000000,,,
124007,البنية التحتية,المعابر,المعابر,الأضرار في قطاع البنية التحتية,المعابر الحدودية المتضررة,عدد,التنمية,3,تطوير وتأهيل المعابر البرية,1,3,,,,,
124008,البنية التحتية,المعابر,المعابر,الأضرار في قطاع البنية التحتية,المعابر الحدودية المتضررة,عدد,التنمية,3,بناء مطار غزة الدولي,1,3,100000000,300000000,,,
124009,البنية التحتية,المعابر,المعابر,الأضرار في قطاع البنية التحتية,المعابر الحدودية المتضررة,عدد,التنمية,3,بناء ميناء غزة البحري,1,1,1000000000,1000000000,,,
125002,البنية التحتية,الطرق,المركبات,الأضرار في قطاع البنية التحتية,المركبات المتضررة,عدد,التعافي,8513,مساعدة نقدية وإصلاح,1,8513,15000,127695000,,,
126003,البنية التحتية,الطرق,الطرق,الأضرار في قطاع البنية التحتية,الطرق (أسفلت)/ كم,عدد,التعافي,1294,إعادة إعمار وتأهيل الطرق,1,1294,750000,970500000,,,
126004,البنية التحتية,الطرق,الطرق,الأضرار في قطاع البنية التحتية,الطرق (أسفلت)/ كم,عدد,التعافي,1294,إعادة إعمار وتأهيل الطرق الإقليمية والجسور ,1,1,84412000,84412000,,,
126005,البنية التحتية,الطرق,الطرق,الأضرار في قطاع البنية التحتية,الطرق (أسفلت)/ كم,عدد,التنمية,1294,تزويد سلطة الأراضي بأجهزة نظام تحديد الموقع العالمي (GPS) عدد 20 جهاز,1,20,50000,1000000,,,
126006,البنية التحتية,الطرق,الطرق,الأضرار في قطاع البنية التحتية,الطرق (أسفلت)/ كم,عدد,التنمية,1294,استيراد 324 من الآليات ومعدات ثقيلة لشق وتوسيع الطرق,1,1,65015000,65015000,,,
127002,البنية التحتية,الاتصالات,الاتصالات,الأضرار في قطاع البنية التحتية,الاتصالات /كم,قيمة إجمالية,التعافي,415,استعادة وإعادة تأهيل خطوط الهاتف الأرضية وشبكات الهاتف المحمول,1,415,10000,4150000,,,
129002,البنية التحتية,المياه والصرف الصحي,مياه الشرب,الأضرار في قطاع البنية التحتية,تدمير شبكات المياه /كم,عدد,التعافي,1944,استعادة وتأهيل شبكات المياه,1,1944,189607.8431,368597647.1,,,
130002,البنية التحتية,المياه والصرف الصحي,الصرف الصحي,الأضرار في قطاع البنية التحتية,تدمير شبكات المياه العادمة /م,عدد,التعافي,826,استعادة وتأهيل شبكات الصرف الصحي,1,826,200000,165200000,,,
130003,البنية التحتية,المياه والصرف الصحي,الصرف الصحي,الأضرار في قطاع البنية التحتية,تدمير شبكات المياه العادمة /م,عدد,التنمية,826,إنشاء محطة لإعادة تدوير المياه العادمة  وإعادة استخدامها في الري,1,5,5000000,25000000,,,
131002,البنية التحتية,المياه والصرف الصحي,مياه الشرب,الأضرار في قطاع البنية التحتية,خزانات المياه ,عدد,التعافي,83,توفير خزان مياه,1,83,1000,83000,,,
131003,البنية التحتية,المياه والصرف الصحي,مياه الشرب,الأضرار في قطاع البنية التحتية,خزانات المياه ,عدد,التنمية,83,خزانات مياه للمنازل,1,50000,80,4000000,,,
132007,البنية التحتية,المياه والصرف الصحي,الصرف الصحي,الأضرار في قطاع البنية التحتية,محطة معالجة الصرف الصحي,عدد,التعافي,65,إعادة ترميم وتأهيل ,1,65,500000,32500000,,,
132008,البنية التحتية,المياه والصرف الصحي,الصرف الصحي,الأضرار في قطاع البنية التحتية,محطة معالجة الصرف الصحي,عدد,التعافي,65, إصلاح وصيانة المرافق الخاصة بالمياه والصرف الصحي,1,1,50000000,50000000,,,
132009,البنية التحتية,المياه والصرف الصحي,الصرف الصحي,الأضرار في قطاع البنية التحتية,محطة معالجة الصرف الصحي,عدد,التنمية,65,إنشاء وتطوير شبكات الصرف الصحي الداخلية في البلديات المختلفة,1,1,50000000,50000000,,,
132010,البنية التحتية,المياه والصرف الصحي,الصرف الصحي,الأضرار في قطاع البنية التحتية,محطة معالجة الصرف الصحي,عدد,التنمية,65,تطوير شبكات تجميع مياه الأمطار وحقن الخزان الجوفي,1,1,150000000,150000000,,,
132011,البنية التحتية,المياه والصرف الصحي,الصرف الصحي,الأضرار في قطاع البنية التحتية,محطة معالجة الصرف الصحي,عدد,التنمية,65,"توفير الربط المباشر لمضخات الصرف الصحي بالكهرباء ""24 ساعة كهرباء""",1,1,4000000,4000000,,,
132012,البنية التحتية,المياه والصرف الصحي,الصرف الصحي,الأضرار في قطاع البنية التحتية,محطة معالجة الصرف الصحي,عدد,التنمية,65,تشغيل المرافق الخاصة والصرف الصحي بنظام الطاقة الشمسية ,1,1,3000000,3000000,,,
132013,البنية التحتية,المياه والصرف الصحي,الصرف الصحي,الأضرار في قطاع البنية التحتية,محطة معالجة الصرف الصحي,عدد,التنمية,65,توفير الربط المباشر لمضخات الصرف الصحي بالكهرباء 24 ساعة كهرباء ,1,1,4000000,4000000,,,
132014,البنية التحتية,المياه والصرف الصحي,الصرف الصحي,الأضرار في قطاع البنية التحتية,محطة معالجة الصرف الصحي,عدد,التنمية,65,حصاد مياه الأمطار وتغذية الخزان الجوفي وتطوير نظام مراقبة المياه الجوفية ,1,1,25000000,25000000,,,
133002,البنية التحتية,المياه والصرف الصحي,مياه الشرب,الأضرار في قطاع البنية التحتية,تضرر صهريج نقل مياه ,عدد,التعافي,86,توفير صهريج ,1,86,40000,3440000,,,
133003,البنية التحتية,المياه والصرف الصحي,مياه الشرب,الأضرار في قطاع البنية التحتية,تضرر صهريج نقل مياه ,عدد,التنمية,86,توفير صهريج ,1,30,40000,1200000,,,
134010,البنية التحتية,المياه والصرف الصحي,مياه الشرب,الأضرار في قطاع البنية التحتية,آبار متضررة,عدد,التعافي,60,صيانة بئر محلي,1,60,3000,180000,,,
134011,البنية التحتية,المياه والصرف الصحي,مياه الشرب,الأضرار في قطاع البنية التحتية,آبار متضررة,عدد,التنمية,60,طاقة شمسية لبئر,1,60,8000,480000,,,
134012,البنية التحتية,المياه والصرف الصحي,مياه الشرب,الأضرار في قطاع البنية التحتية,آبار متضررة,عدد,التنمية,60,إنشاء وتشغيل ورفع كفاءة آبار مياه للشرب والأغراض العامة,1,1,10000000,10000000,,,
134016,البنية التحتية,المياه والصرف الصحي,مياه الشرب,الأضرار في قطاع البنية التحتية,آبار متضررة,عدد,التنمية,60,بئر توزيع مياه ,1,25,17000,425000,,,
134017,البنية التحتية,المياه والصرف الصحي,مياه الشرب,الأضرار في قطاع البنية التحتية,آبار متضررة,عدد,التنمية,60,بئر زراعي محلي,1,100,15000,1500000,,,
134018,البنية التحتية,المياه والصرف الصحي,مياه الشرب,الأضرار في قطاع البنية التحتية,آبار متضررة,عدد,التنمية,60,بئر زراعي مركزي,1,25,25000,625000,,,
134019,البنية التحتية,المياه والصرف الصحي,مياه الشرب,الأضرار في قطاع البنية التحتية,آبار متضررة,عدد,التنمية,60,بئر مع محطة مياه بالطاقة الشمسية,1,50,22000,1100000,,,
135004,البنية التحتية,المياه والصرف الصحي,مياه الشرب,الأضرار في قطاع البنية التحتية,محطات التحلية المتضررة بشكل بليغ أو كلي,عدد,التعافي,170,محطة تحلية مياه ,1,170,8000,1360000,,,
135005,البنية التحتية,المياه والصرف الصحي,مياه الشرب,الأضرار في قطاع البنية التحتية,محطات التحلية المتضررة بشكل بليغ أو كلي,عدد,التنمية,170,محطة تحلية مياه لتوزيع المياه,1,20,40000,800000,,,
135006,البنية التحتية,المياه والصرف الصحي,مياه الشرب,الأضرار في قطاع البنية التحتية,محطات التحلية المتضررة بشكل بليغ أو كلي,عدد,التنمية,170,محطة تحلية مياه مركزية ,1,5,70000,350000,,,
135007,البنية التحتية,المياه والصرف الصحي,مياه الشرب,الأضرار في قطاع البنية التحتية,محطات التحلية المتضررة بشكل بليغ أو كلي,عدد,التنمية,170,محطة تحلية مركزية لتوزيع المياه مع صهريجين للتوزيع ,1,5,120000,600000,,,
136003,البنية التحتية,المياه والصرف الصحي,مياه الشرب,الأضرار في قطاع البنية التحتية,محطات التحلية جزئياً,عدد,التعافي,15,صيانة محطات التحلية ,1,15,3000,45000,,,
136004,البنية التحتية,المياه والصرف الصحي,مياه الشرب,الأضرار في قطاع البنية التحتية,محطات التحلية جزئياً,عدد,التنمية,15,طاقة شمسية لمحطة تحلية ,1,100,8000,800000,,,
138001,البنية التحتية,الطاقة,الكهرباء,الأضرار في قطاع البنية التحتية,تدمير شبكات الكهرباء,قيمة إجمالية$,الإغاثة,312096981,توفير مولدات كهربائية,1,500,120000,60000000,,,
138005,البنية التحتية,الطاقة,الكهرباء,الأضرار في قطاع البنية التحتية,تدمير شبكات الكهرباء,قيمة إجمالية$,التعافي,312096981,إصلاح وتأهيل شبكة الكهرباء العامة ,1,1,312096981,312096981,,,
138006,البنية التحتية,الطاقة,الكهرباء,الأضرار في قطاع البنية التحتية,تدمير شبكات الكهرباء,قيمة إجمالية$,التعافي,312096981,استعادة شبكة الكهرباء وإضاءة الشوارع ,1,1,13655000,13655000,,,
138007,البنية التحتية,الطاقة,الكهرباء,الأضرار في قطاع البنية التحتية,تدمير شبكات الكهرباء,قيمة إجمالية$,التنمية,312096981,الربط الإقليمي مع الاحتلال على نظام 161 ك ف ,1,1,45000000,45000000,,,
138008,البنية التحتية,الطاقة,الكهرباء,الأضرار في قطاع البنية التحتية,تدمير شبكات الكهرباء,قيمة إجمالية$,التنمية,312096981,"الربط مع جمهورية مصر باستخدام نظام 66 ك ف "" المؤقت """,1,1,21500000,21500000,,,
138009,البنية التحتية,الطاقة,الكهرباء,الأضرار في قطاع البنية التحتية,تدمير شبكات الكهرباء,قيمة إجمالية$,التنمية,312096981,الربط الإقليمي مع جمهورية مصر العربية باستخدام نظام 220 ك ف ,1,1,60000000,60000000,,,
139003,البنية التحتية,الطاقة,الطاقة الشمسية,الأضرار في قطاع البنية التحتية,وحدات الطاقة الشمسية المتضررة,عدد,التعافي,8876,توفير طاقة شمسية ,1,8876,8000,71008000,,,
139004,البنية التحتية,الطاقة,الطاقة الشمسية,الأضرار في قطاع البنية التحتية,وحدات الطاقة الشمسية المتضررة,عدد,التعافي,8876,صيانة وحدات الطاقة الشمسية,1,8876,3000,26628000,,,
139005,البنية التحتية,الطاقة,الطاقة الشمسية,الأضرار في قطاع البنية التحتية,وحدات الطاقة الشمسية المتضررة,عدد,التنمية,8876,توفير طاقة شمسية للمنشآت العامة,1,100,150000,15000000,,,
139006,البنية التحتية,الطاقة,الطاقة الشمسية,الأضرار في قطاع البنية التحتية,وحدات الطاقة الشمسية المتضررة,عدد,التنمية,8876,طاقة شمسية لمحطة تحلية مركزية,1,5,40000,200000,,,
140002,البنية التحتية,الطاقة,مولدات الطاقة,الأضرار في قطاع البنية التحتية,مولدات الطاقة ومحطات البنزين,عدد,التعافي,104,إعادة ترميم وتأهيل  مولدات,1,104,20000,2080000,,,
141009,البنية التحتية,الطاقة,مولدات الطاقة,الأضرار في قطاع البنية التحتية,تضرر محطة الكهرباء المركزية,عدد,التعافي,1,بناء محطة كهرباء,1,1,590000000,590000000,,,
141010,البنية التحتية,الطاقة,مولدات الطاقة,الأضرار في قطاع البنية التحتية,تضرر محطة الكهرباء المركزية,عدد,التنمية,1,بناء محطة للطاقة البديلة ,1,1,60000000,60000000,,,
141011,البنية التحتية,الطاقة,مولدات الطاقة,الأضرار في قطاع البنية التحتية,تضرر محطة الكهرباء المركزية,عدد,التنمية,1,إمداد محطة الكهرباء بخط غاز,1,1,88000000,88000000,,,
141012,البنية التحتية,الطاقة,مولدات الطاقة,الأضرار في قطاع البنية التحتية,تضرر محطة الكهرباء المركزية,عدد,التنمية,1,"إنشاء خزان وقود بسعة 10,000,000 لتر بمحطة غزة لتوليد الكهرباء ",1,1,1500000,1500000,,,
141013,البنية التحتية,الطاقة,مولدات الطاقة,الأضرار في قطاع البنية التحتية,تضرر محطة الكهرباء المركزية,عدد,التنمية,1,إنشاء 5 محطات طاقة شمسية مركزية بقدرة 20 ميجا وات لكل محطة,1,5,20000000,100000000,,,
141014,البنية التحتية,الطاقة,مولدات الطاقة,الأضرار في قطاع البنية التحتية,تضرر محطة الكهرباء المركزية,عدد,التنمية,1,"توفير الربط المباشر للمنشآت الحيوية (مستشفيات، مضخات مياه، آبار مياه)",1,1,5000000,5000000,,,
141015,البنية التحتية,الطاقة,مولدات الطاقة,الأضرار في قطاع البنية التحتية,تضرر محطة الكهرباء المركزية,عدد,التنمية,1,توفير 100 مولد بقدرة 1 ميجا وات وتوزيعها على محافظات غزة ,1,100,200000,20000000,,,
141016,البنية التحتية,الطاقة,مولدات الطاقة,الأضرار في قطاع البنية التحتية,تضرر محطة الكهرباء المركزية,عدد,التنمية,1,استبدال إنارة الشوارع الإقليمية والشوارع الرئيسية في المدن بوحدات إنارة موفرة للطاقة ,1,1,10000000,10000000,,,
141017,البنية التحتية,الطاقة,مولدات الطاقة,الأضرار في قطاع البنية التحتية,تضرر محطة الكهرباء المركزية,عدد,التنمية,1,توريد مواد طارئة لشبكة توزيع الكهرباء ضغط متوسط وضغط منخفض,1,1,2500000,2500000,,,
146002,البنية التحتية,النفايات والمخلفات,مخلفات الدمار,الأضرار في قطاع البيئي, أنقاض مخلفات الحرب والردم بالطن,قيمة إجمالية,التعافي,25697578,إزالة أنقاض ومخلفات الحرب ,1,25697578,10,256975780,,,
146003,البنية التحتية,النفايات والمخلفات,مخلفات الدمار,الأضرار في قطاع البيئي, أنقاض مخلفات الحرب والردم بالطن,قيمة إجمالية,التنمية,25697578,تطوير حقل غاز على الشاطئ,1,1,2000000,2000000,,,
147004,البنية التحتية,النفايات والمخلفات,النفايات الصلبة,الأضرار في قطاع البيئي, النفايات الصلبة بالطن,قيمة إجمالية,التعافي,1757929,إزالة النفايات الصلبة,1,1757929,5,8789645,,,
147005,البنية التحتية,النفايات والمخلفات,النفايات الصلبة,الأضرار في قطاع البيئي, النفايات الصلبة بالطن,قيمة إجمالية,التعافي,1757929,استعادة حاويات النفايات الصلبة ,1,1,108000,108000,,,
147006,البنية التحتية,النفايات والمخلفات,النفايات الصلبة,الأضرار في قطاع البيئي, النفايات الصلبة بالطن,قيمة إجمالية,التعافي,1757929,توسيع مدافن القمامة وإعادة تأهيلها,1,1,4000000,4000000,,,
147007,البنية التحتية,النفايات والمخلفات,النفايات الصلبة,الأضرار في قطاع البيئي, النفايات الصلبة بالطن,قيمة إجمالية,التنمية,1757929,تحسين نظم إدارة النفايات السائلة والصلبة والخطرة ,1,1,5000000,5000000,,,
147008,البنية التحتية,النفايات والمخلفات,النفايات الصلبة,الأضرار في قطاع البيئي, النفايات الصلبة بالطن,قيمة إجمالية,التنمية,1757929,توفير سيارات جمع وترحيل النفايات لكافة بلديات القطاع,1,5,3000000,15000000,,,
148002,البنية التحتية,النفايات والمخلفات,النفايات الطبية,الأضرار في قطاع البيئي,المخلفات الطبية بالطن,قيمة إجمالية,التعافي,799,إزالة المخلفات الطبية,1,799,13000,10387000,,,
150001,القطاع الاقتصادي,التشغيل,التشغيل,الأضرار في قطاع الاقتصادي,عدد الأشخاص الذين فقدوا  مصدر دخلهم الرئيسي وأعمالهم,عدد,الإغاثة,393000,مساعدة نقدية 300$ ×6 شهور,1,393000,1800,707400000,,,
150018,القطاع الاقتصادي,التشغيل,التشغيل,الأضرار في قطاع الاقتصادي,عدد الأشخاص الذين فقدوا  مصدر دخلهم الرئيسي وأعمالهم,عدد,التعافي,393000,تشغيل مؤقت لمدة 6 شهور,0.178571429,70178.57143,1200,84214285.71,,,
150019,القطاع الاقتصادي,التشغيل,التشغيل,الأضرار في قطاع الاقتصادي,عدد الأشخاص الذين فقدوا  مصدر دخلهم الرئيسي وأعمالهم,عدد,التنمية,393000,حاضنة الأعمال عن بعد,1,50,202836,10141800,,,
150020,القطاع الاقتصادي,التشغيل,التشغيل,الأضرار في قطاع الاقتصادي,عدد الأشخاص الذين فقدوا  مصدر دخلهم الرئيسي وأعمالهم,عدد,التنمية,393000,حاضنة دبلوم العمل الحر,1,100000,1000,100000000,,,
150021,القطاع الاقتصادي,التشغيل,التشغيل,الأضرار في قطاع الاقتصادي,عدد الأشخاص الذين فقدوا  مصدر دخلهم الرئيسي وأعمالهم,عدد,التنمية,393000,حاضنة الصيانة الالكترونية المتكاملة ,1,3,2252400,6757200,,,
150022,القطاع الاقتصادي,التشغيل,التشغيل,الأضرار في قطاع الاقتصادي,عدد الأشخاص الذين فقدوا  مصدر دخلهم الرئيسي وأعمالهم,عدد,التنمية,393000,مختبر ابتكار وتطوير الأعمال ,1,2,140000,280000,,,
150023,القطاع الاقتصادي,التشغيل,التشغيل,الأضرار في قطاع الاقتصادي,عدد الأشخاص الذين فقدوا  مصدر دخلهم الرئيسي وأعمالهم,عدد,التنمية,393000,صندوق القرض الحسن,1,1,5000000,5000000,,,
150024,القطاع الاقتصادي,التشغيل,التشغيل,الأضرار في قطاع الاقتصادي,عدد الأشخاص الذين فقدوا  مصدر دخلهم الرئيسي وأعمالهم,عدد,التنمية,393000,توجيه الأبحاث العلمية نحو الأولويات الوطنية ,1,1,200000,200000,,,
150025,القطاع الاقتصادي,التشغيل,التشغيل,الأضرار في قطاع الاقتصادي,عدد الأشخاص الذين فقدوا  مصدر دخلهم الرئيسي وأعمالهم,عدد,التنمية,393000,التأهيل المهني,0.03,11790,800,9432000,,,
150026,القطاع الاقتصادي,التشغيل,التشغيل,الأضرار في قطاع الاقتصادي,عدد الأشخاص الذين فقدوا  مصدر دخلهم الرئيسي وأعمالهم,عدد,التنمية,393000,التشغيل المؤقت والتدريب في مكان العمل,1,50000,1200,60000000,,,
150027,القطاع الاقتصادي,التشغيل,التشغيل,الأضرار في قطاع الاقتصادي,عدد الأشخاص الذين فقدوا  مصدر دخلهم الرئيسي وأعمالهم,عدد,التنمية,393000,جذب الخبرة العالمية,1,1,100000000,100000000,,,
150028,القطاع الاقتصادي,التشغيل,التشغيل,الأضرار في قطاع الاقتصادي,عدد الأشخاص الذين فقدوا  مصدر دخلهم الرئيسي وأعمالهم,عدد,التنمية,393000,التمكين الاقتصادي للفئات الأكثر هشاشة من النساء,1,1,2000000,2000000,,,
150029,القطاع الاقتصادي,التشغيل,التشغيل,الأضرار في قطاع الاقتصادي,عدد الأشخاص الذين فقدوا  مصدر دخلهم الرئيسي وأعمالهم,عدد,التنمية,393000,مشروع القرية الذكية (حاضنة تكنولوجية),1,1,10000000,10000000,,,
150030,القطاع الاقتصادي,التشغيل,التشغيل,الأضرار في قطاع الاقتصادي,عدد الأشخاص الذين فقدوا  مصدر دخلهم الرئيسي وأعمالهم,عدد,التنمية,393000,ورش مهنية,1,2000,5000,10000000,,,
150031,القطاع الاقتصادي,التشغيل,التشغيل,الأضرار في قطاع الاقتصادي,عدد الأشخاص الذين فقدوا  مصدر دخلهم الرئيسي وأعمالهم,عدد,التنمية,393000,مشاريع صغيرة,1,20000,2500,50000000,,,
150032,القطاع الاقتصادي,التشغيل,التشغيل,الأضرار في قطاع الاقتصادي,عدد الأشخاص الذين فقدوا  مصدر دخلهم الرئيسي وأعمالهم,عدد,التنمية,393000,تيسير الزواج لذوي الدخل المحدود,1,10000,4000,40000000,,,
151001,القطاع الاقتصادي,التجارة والخدمات,المنشآت التجارية,الأضرار في قطاع الاقتصادي,محال تجارية متضررة,عدد,الإغاثة,13706,مساعدة نقدية 300$ ×6 شهور,1,13706,1800,24670800,,,
151002,القطاع الاقتصادي,التجارة والخدمات,المنشآت التجارية,الأضرار في قطاع الاقتصادي,محال تجارية متضررة,عدد,التعافي,13706,إعادة ترميم وتأهيل ,1,13706,10000,137060000,,,
152001,القطاع الاقتصادي,التجارة والخدمات,المنشآت التجارية,الأضرار في قطاع الاقتصادي,الأسواق الشعبية ,عدد,الإغاثة,16,مساعدة نقدية 300$ ×6 شهور,1,16,1800,28800,,,
152002,القطاع الاقتصادي,التجارة والخدمات,المنشآت التجارية,الأضرار في قطاع الاقتصادي,الأسواق الشعبية ,عدد,التعافي,16,إعادة إعمار السوق,1,16,1000000,16000000,,,
152003,القطاع الاقتصادي,التجارة والخدمات,المنشآت التجارية,الأضرار في قطاع الاقتصادي,الأسواق الشعبية ,عدد,التنمية,16,إنشاء وتطوير أسواق في المحافظات المختلفة وتطوير مراكز المدن ,1,5,10000000,50000000,,,
153001,القطاع الاقتصادي,التجارة والخدمات,المنشآت التجارية,الأضرار في قطاع الاقتصادي,المنشآت التجارية المتضررة بشكل بليغ أو كلي,عدد,الإغاثة,5872,مساعدة نقدية 300$ ×6 شهور,1,5872,1800,10569600,,,
153002,القطاع الاقتصادي,التجارة والخدمات,المنشآت التجارية,الأضرار في قطاع الاقتصادي,المنشآت التجارية المتضررة بشكل بليغ أو كلي,عدد,التعافي,5872,إعادة ترميم وتأهيل ,1,5872,100000,587200000,,,
153003,القطاع الاقتصادي,التجارة والخدمات,المنشآت التجارية,الأضرار في قطاع الاقتصادي,المنشآت التجارية المتضررة بشكل بليغ أو كلي,عدد,التنمية,5872,إقامة منطقة تجارة حرة مع مصر,1,1,100000000,100000000,,,
154002,القطاع الاقتصادي,التجارة والخدمات,المنشآت التجارية,الأضرار في قطاع الاقتصادي,المنشآت التجارية المتضررة بشكل جزئي,عدد,التعافي,12267,ترميم جزئي وتأهيل,1,12267,5000,61335000,,,
155001,القطاع الاقتصادي,التجارة والخدمات,المنشآت السياحية,الأضرار في قطاع الاقتصادي,المنشآت السياحية المتضررة ( الفنادق - المطاعم بيوت الضيافة ) بشكل بليغ أو كلي,عدد,الإغاثة,52,مساعدة نقدية 300$ ×6 شهور,1,52,1800,93600,,,
155002,القطاع الاقتصادي,التجارة والخدمات,المنشآت السياحية,الأضرار في قطاع الاقتصادي,المنشآت السياحية المتضررة ( الفنادق - المطاعم بيوت الضيافة ) بشكل بليغ أو كلي,عدد,التعافي,52,إعادة ترميم وتأهيل ,1,52,200000,10400000,,,
155003,القطاع الاقتصادي,التجارة والخدمات,المنشآت السياحية,الأضرار في قطاع الاقتصادي,المنشآت السياحية المتضررة ( الفنادق - المطاعم بيوت الضيافة ) بشكل بليغ أو كلي,عدد,التنمية,52,إنشاء منتزهات وحدائق عامة في المحافظات المختلفة,1,1,5000000,5000000,,,
156001,القطاع الاقتصادي,التجارة والخدمات,المنشآت السياحية,الأضرار في قطاع الاقتصادي,المنشآت السياحية المتضررة ( الفنادق - المطاعم بيوت الضيافة ) جزئياً,عدد,الإغاثة,77,مساعدة نقدية 300$ ×6 شهور,1,77,1800,138600,,,
156002,القطاع الاقتصادي,التجارة والخدمات,المنشآت السياحية,الأضرار في قطاع الاقتصادي,المنشآت السياحية المتضررة ( الفنادق - المطاعم بيوت الضيافة ) جزئياً,عدد,التعافي,77,ترميم جزئي وتأهيل,1,77,5000,385000,,,
157002,القطاع الاقتصادي,التجارة والخدمات,البنوك,الأضرار في قطاع الاقتصادي,بنوك متضررة بشكل بليغ أو كلي,عدد,التعافي,5,إعادة ترميم وتأهيل ,1,5,300000,1500000,,,
158002,القطاع الاقتصادي,التجارة والخدمات,البنوك,الأضرار في قطاع الاقتصادي,بنوك متضررة جزئياً,عدد,التعافي,4,ترميم جزئي وتأهيل,1,4,30000,120000,,,
160008,القطاع الاقتصادي,الزراعة,الثروة الزراعية,الأضرار في قطاع الاقتصادي,الأراضي الزراعية المتضررة/م2,عدد,التعافي,75152,استصلاح الأراضي الزراعية وشبكات الري ,1,1,90386,90386,,,
160009,القطاع الاقتصادي,الزراعة,الثروة الزراعية,الأضرار في قطاع الاقتصادي,الأراضي الزراعية المتضررة/م2,عدد,التنمية,75152,حاضنة الأعمال الزراعية المتكاملة ,1,5,1222600,6113000,,,
160010,القطاع الاقتصادي,الزراعة,الثروة الزراعية,الأضرار في قطاع الاقتصادي,الأراضي الزراعية المتضررة/م2,عدد,التنمية,75152,إنشاء صوامع الغلال في المحافظات المختلفة ,1,1,10000000,10000000,,,
160011,القطاع الاقتصادي,الزراعة,الثروة الزراعية,الأضرار في قطاع الاقتصادي,الأراضي الزراعية المتضررة/م2,عدد,التنمية,75152,إنشاء مستودعات وثلاجات حفظ أغذية مركزية ,1,1,6500000,6500000,,,
160012,القطاع الاقتصادي,الزراعة,الثروة الزراعية,الأضرار في قطاع الاقتصادي,الأراضي الزراعية المتضررة/م2,عدد,التنمية,75152,إنشاء مركز بحوث زرعية ومختبر منتجات زراعية,1,1,5000000,5000000,,,
160013,القطاع الاقتصادي,الزراعة,الثروة الزراعية,الأضرار في قطاع الاقتصادي,الأراضي الزراعية المتضررة/م2,عدد,التنمية,75152,تشغيل الآبار الزراعية بالطاقة الشمسية,1,1,4000000,4000000,,,
160014,القطاع الاقتصادي,الزراعة,الثروة الزراعية,الأضرار في قطاع الاقتصادي,الأراضي الزراعية المتضررة/م2,عدد,التنمية,75152,تأهيل الأراضي وتحسين خواص التربة ,1,1,2000000,2000000,,,
161002,القطاع الاقتصادي,الزراعة,الثروة الزراعية,الأضرار في قطاع الاقتصادي,المخازن الزراعية ,عدد,التعافي,13,تعويض المزارعين ,1,13,94082,1223066,,,
162001,القطاع الاقتصادي,الزراعة,الثروة الزراعية,الأضرار في قطاع الاقتصادي,المزارعين المتضررين,عدد,الإغاثة,6271,مساعدة نقدية 300$ ×6 شهور,1,6271,1800,11287800,,,
162004,القطاع الاقتصادي,الزراعة,الثروة الزراعية,الأضرار في قطاع الاقتصادي,المزارعين المتضررين,عدد,التنمية,6271,الدفيئات الزراعية ,1,1000,10000,10000000,,,
162005,القطاع الاقتصادي,الزراعة,الثروة الزراعية,الأضرار في قطاع الاقتصادي,المزارعين المتضررين,عدد,التنمية,6271,الدنم المثمر,1,10000,1000,10000000,,,
162006,القطاع الاقتصادي,الزراعة,الثروة الزراعية,الأضرار في قطاع الاقتصادي,المزارعين المتضررين,عدد,التنمية,6271,الزراعة المائية ,1,100,4700,470000,,,
163001,القطاع الاقتصادي,الزراعة,الثروة الحيوانية,الأضرار في قطاع الاقتصادي,المزارع الحيوانية ,عدد,الإغاثة,2045,مساعدة نقدية 300$ ×6 شهور,1,2045,1800,3681000,,,
163003,القطاع الاقتصادي,الزراعة,الثروة الحيوانية,الأضرار في قطاع الاقتصادي,المزارع الحيوانية ,عدد,التعافي,2045,تعويض الثروة الحيوانية والمناحل,1,2045,5000,10225000,,,
163004,القطاع الاقتصادي,الزراعة,الثروة الحيوانية,الأضرار في قطاع الاقتصادي,المزارع الحيوانية ,عدد,التعافي,2045,إعادة تأهيل وتحسين مزارع وحظائر الأبقار في محافظات قطاع غزة,1,1,2000000,2000000,,,
163005,القطاع الاقتصادي,الزراعة,الثروة الحيوانية,الأضرار في قطاع الاقتصادي,المزارع الحيوانية ,عدد,التنمية,2045,تربية حيوانات ,1,1000,1500,1500000,,,
164002,القطاع الاقتصادي,الزراعة,الثروة السمكية,الأضرار في قطاع الاقتصادي,ميناء صيد,عدد,التعافي,2,إعادة ترميم وتأهيل ميناء الصيد,1,1,34420000,34420000,,,
165001,القطاع الاقتصادي,الزراعة,الثروة السمكية,الأضرار في قطاع الاقتصادي,مراكب الصيد المتضررة,عدد,الإغاثة,173,مساعدة نقدية 300$ ×6 شهور,1,173,1800,311400,,,
165002,القطاع الاقتصادي,الزراعة,الثروة السمكية,الأضرار في قطاع الاقتصادي,مراكب الصيد المتضررة,عدد,التعافي,173,تأهيل وصيانة مراكب الصيادين ,1,173,2500,432500,,,
167001,القطاع الاقتصادي,الصناعة,المنشآت الصناعية,الأضرار في قطاع الاقتصادي,المنشآت الصناعية المتضررة بشكل بليغ أو كلي,عدد,الإغاثة,2088,مساعدة نقدية 300$ ×6 شهور,1,2088,1800,3758400,,,
167002,القطاع الاقتصادي,الصناعة,المنشآت الصناعية,الأضرار في قطاع الاقتصادي,المنشآت الصناعية المتضررة بشكل بليغ أو كلي,عدد,التعافي,2088,إعادة ترميم وتأهيل ,1,2088,400000,835200000,,,
167003,القطاع الاقتصادي,الصناعة,المنشآت الصناعية,الأضرار في قطاع الاقتصادي,المنشآت الصناعية المتضررة بشكل بليغ أو كلي,عدد,التنمية,2088,حاضنة الأعمال الصناعية المتكاملة ,1,10,250000,2500000,,,
168005,القطاع الاقتصادي,الصناعة,المنشآت الصناعية,الأضرار في قطاع الاقتصادي,المنشآت الصناعية المتضررة بشكل جزئي,عدد,التعافي,2459,ترميم جزئي وتأهيل,1,0,50000,0,,,
168006,القطاع الاقتصادي,الصناعة,المنشآت الصناعية,الأضرار في قطاع الاقتصادي,المنشآت الصناعية المتضررة بشكل جزئي,عدد,التنمية,2459,إنشاء مكبات ملائمة بيئياً لتجميع مخلفات الصناعة وإعادة تدويرها ,1,1,8000000,8000000,,,
169001,القطاع الاقتصادي,الصناعة,المنشآت الصناعية,الأضرار في قطاع الاقتصادي,المخابز المتضررة,عدد,الإغاثة,29,مساعدة نقدية 300$ ×6 شهور,1,29,1800,52200,,,
169002,القطاع الاقتصادي,الصناعة,المنشآت الصناعية,الأضرار في قطاع الاقتصادي,المخابز المتضررة,عدد,التعافي,29,إعادة إعمار وإنشاء المخابز,1,29,300000,8700000,,,
170001,القطاع الاقتصادي,الصناعة,المنشآت الصناعية,الأضرار في قطاع الاقتصادي,مطاحن الدقيق المتضررة,عدد,الإغاثة,5,مساعدة نقدية 300$ ×6 شهور,1,5,1800,9000,,,
170002,القطاع الاقتصادي,الصناعة,المنشآت الصناعية,الأضرار في قطاع الاقتصادي,مطاحن الدقيق المتضررة,عدد,التعافي,5,إعادة إعمار وترميم مطاحن الدقيق,1,5,1000000,5000000,,,
172002,الحكم الرشيد,الإدارة العامة,موظفي حكومة غزة,الأضرار في قطاع الحكم الرشيد,إجمالي موظفي حكومة غزة,عدد,التعافي,50000,بدل إيجازات للموظفين لتكثيف العمل,1,50000,200,10000000,,,
173001,الحكم الرشيد,الإدارة العامة,موظفي حكومة غزة,الأضرار في قطاع الحكم الرشيد,الموظفين العاملين أثناء العدوان,عدد,الإغاثة,15000,راتب إضافي لفترة العدوان 1000*5شهور,1,15000,5000,75000000,,,
174001,الحكم الرشيد,الإدارة العامة,موظفي حكومة غزة,الأضرار في قطاع الحكم الرشيد,نسبة الرواتب التي حصل عليها موظفو حكومة غزة خلال العدوان,نسبة,الإغاثة,0.1,رواتب لمدة 5 شهور,1,0.9,5000,4500,,,
176002,الحكم الرشيد,الإدارة العامة,موظفي حكومة رام الله,الأضرار في قطاع الحكم الرشيد,إجمالي الموظفين على رأس عملهم,عدد,التعافي,13500,بدل إيجازات للموظفين لتكثيف العمل,0.8,10800,200,2160000,,,
177001,الحكم الرشيد,الإدارة العامة,موظفي حكومة رام الله,الأضرار في قطاع الحكم الرشيد,إجمالي الموظفين العاملين أثناء العدوان,عدد,الإغاثة,7000,راتب إضافي لفترة العدوان 1000*5شهور,1,50000,5000,250000000,,,
178001,الحكم الرشيد,الإدارة العامة,موظفي حكومة رام الله,الأضرار في قطاع الحكم الرشيد,نسبة الرواتب التي حصل عليها موظفو حكومة رام الله خلال العدوان,نسبة,الإغاثة,0.44,رواتب لمدة 5 شهور,1,50000,5000,250000000,,,
179001,الحكم الرشيد,الإدارة العامة,الشراكة المجتمعية,الأضرار في قطاع الحكم الرشيد,نسبة وجود خطة وطنية تشاركية لمرحلة إعادة الإعمار,نسبة,الإغاثة,0,إعداد خطة وطنية تشاركية لمرحلة إعادة الإعمار,1,1,100000,100000,,,
180002,الحكم الرشيد,الإدارة العامة,الشراكة المجتمعية,الأضرار في قطاع الحكم الرشيد,نسبة وجود خطة وطنية تشاركية تنموية,نسبة,التعافي,0,إعداد خطة وطنية تشاركية تنموية,1,1,300000,300000,,,
184001,الحكم الرشيد,الحوكمة المحلية,خدمات البلديات,الأضرار في قطاع الحكم الرشيد,نسبة خدمات جمع النفايات الصلبة المستمرة خلال العدوان,نسبة,الإغاثة,0.2,استئناف جمع النفايات الصلبة بالحد الأدنى,1,26.4,100000,2640000,,,
185001,الحكم الرشيد,الحوكمة المحلية,خدمات البلديات,الأضرار في قطاع الحكم الرشيد,نسبة خدمات البنية التحتية لمخميات الإيواء المستمرة خلال العدوان,نسبة,الإغاثة,0.3,توفير البنية التحتية لمخيمات النازحين,1,231,50000,11550000,,,
186001,الحكم الرشيد,الحوكمة المحلية,خدمات البلديات,الأضرار في قطاع الحكم الرشيد,عدد الآليات المتضررة كليا من العدوان,عدد,الإغاثة,135,تكهين الآليات المدمرة والاستفادة من قطع الغيار,1,135,2000,270000,,,
186002,الحكم الرشيد,الحوكمة المحلية,خدمات البلديات,الأضرار في قطاع الحكم الرشيد,عدد الآليات المتضررة كليا من العدوان,عدد,التعافي,135,توفير آليات جديدة بدل المتضررة,1,135,100000,13500000,,,
187001,الحكم الرشيد,الحوكمة المحلية,خدمات البلديات,الأضرار في قطاع الحكم الرشيد,عدد الآليات المتضررة جزئيا من العدوان,عدد,الإغاثة,337,إصلاح الآليات المتضررة بشكل بسيط وإعادتها للعمل,1,337,5000,1685000,,,
187002,الحكم الرشيد,الحوكمة المحلية,خدمات البلديات,الأضرار في قطاع الحكم الرشيد,عدد الآليات المتضررة جزئيا من العدوان,عدد,التعافي,337,إصلاح الآليات التي يمكن إصلاحها,1,337,20000,6740000,,,
190001,الحكم الرشيد,سيادة القانون وحقوق الإنسان,جرائم الاحتلال,الأضرار في قطاع الحكم الرشيد,عدد انتهاكات الاحتلال التي تم التحقيق فيها,عدد,الإغاثة,0,فريق قانوني محلي لتوثيق الانتهاكات,1,0,3000,0,,,
191001,الحكم الرشيد,سيادة القانون وحقوق الإنسان,جرائم الاحتلال,الأضرار في قطاع الحكم الرشيد,عدد القضايا المرفوعة للتحقيق في جرائم الاحتلال,عدد,الإغاثة,135,فريق قانوني دولي للمرافعة القانونية لدى المحاكم الدولية,1,135,50000,6750000,,,
193001,الحكم الرشيد,سيادة القانون وحقوق الإنسان,الدعم القانوني,الأضرار في قطاع الحكم الرشيد,النازحين الذين بحاجة إلى دعم قانوني حقوقي,عدد,الإغاثة,2600,فريق قانوني محلي للدعم القانوني,1,2600,1000,2600000,,,
194001,الحكم الرشيد,سيادة القانون وحقوق الإنسان,الدعم القانوني,الأضرار في قطاع الحكم الرشيد,المؤسسات التي بحاجة إلى دعم قانوني حقوقي,عدد,الإغاثة,40086,فريق قانوني محلي للدعم القانوني,1,40086,500,20043000,,,
195001,الحكم الرشيد,سيادة القانون وحقوق الإنسان,الدعم القانوني,الأضرار في قطاع الحكم الرشيد,عدد المؤسسات القضائية التي تثبت الحقوق القانونية,عدد,الإغاثة,7,تسيير بالحد الأدنى للمؤسسات القضائية,1,7,20000,140000,,,
196001,الحكم الرشيد,سيادة القانون وحقوق الإنسان,الدعم القانوني,الأضرار في قطاع الحكم الرشيد,عدد المؤسسات المنفذة للقانون,عدد,الإغاثة,0,تسيير بالحد الأدنى للمؤسسات المنفذة للقانون,1,0,200000,0,,,
198001,الحكم الرشيد,التنفيذ والتنسيق,تقييم الأضرار,الأضرار في قطاع الحكم الرشيد,نسبة إنجاز التقييم الأولي للأضرار,نسبة,الإغاثة,0.5,التقييم التشاركي لأضرار الأولية,1,1,1000000,1000000,,,
199001,الحكم الرشيد,التنفيذ والتنسيق,تقييم الأضرار,الأضرار في قطاع الحكم الرشيد,نسبة إنجاز التقييم النهائي للأضرار,نسبة,الإغاثة,0.1,التقييم التشاركي للأضرار بشكل نهائي,1,1,2000000,,,,
207001,الحكم الرشيد,التأهب للكوارث والأزمات,الشراكة المجتمعية,الأضرار في قطاع الحكم الرشيد,وجود لجنة مركزية تشاركية لإدارة الطوارئ,عدد,الإغاثة,0.5,شراكة وطنية في لجنة طوارئ مركزية,1,1,100000,100000,,,
207002,الحكم الرشيد,التأهب للكوارث والأزمات,الشراكة المجتمعية,الأضرار في قطاع الحكم الرشيد,وجود لجنة مركزية تشاركية لإدارة الطوارئ,عدد,التعافي,0.5,خطة وطنية لمواجهة الكوارث والآزمات ,1,1,300000,300000,,,
209002,الحكم الرشيد,التأهب للكوارث والأزمات,الدفاع المدني,الأضرار في قطاع الحكم الرشيد,منشآت الدفاع المدني المتضررة  بشكل بليغ أو كلي,عدد,التعافي,4,إعادة إعمار منشآت الدفاع المدني,1,4,250000,1000000,,,
209003,الحكم الرشيد,التأهب للكوارث والأزمات,الدفاع المدني,الأضرار في قطاع الحكم الرشيد,منشآت الدفاع المدني المتضررة  بشكل بليغ أو كلي,عدد,التنمية,4,تزويد مراكز الدفاع المدني بآبار مياه جوفيه عدد ( بئر14),1,14,142857.14,1999999.96,,,
210002,الحكم الرشيد,التأهب للكوارث والأزمات,الدفاع المدني,الأضرار في قطاع الحكم الرشيد,منشآت الدفاع المدني المتضررة جزئياً,عدد,التعافي,9,ترميم جزئي,1,9,50000,450000,,,
210003,الحكم الرشيد,التأهب للكوارث والأزمات,الدفاع المدني,الأضرار في قطاع الحكم الرشيد,منشآت الدفاع المدني المتضررة جزئياً,عدد,التنمية,9,إنشاء وإعادة تأهيل مراكز دفاع مدني جديدة في محافظات غزة (مقرات),1,1,10000000,10000000,,,
211001,الحكم الرشيد,التأهب للكوارث والأزمات,الدفاع المدني,الأضرار في قطاع الحكم الرشيد,آليات الدفاع المدني المتضررة كليا,عدد,الإغاثة,20,أجهزة ومعدات إسعافية,1,1,3000000,3000000,,,
211006,الحكم الرشيد,التأهب للكوارث والأزمات,الدفاع المدني,الأضرار في قطاع الحكم الرشيد,آليات الدفاع المدني المتضررة كليا,عدد,الإغاثة,20,تكهين الآليات المدمرة والاستفادة من قطع الغيار,1,20,2000,40000,,,
211007,الحكم الرشيد,التأهب للكوارث والأزمات,الدفاع المدني,الأضرار في قطاع الحكم الرشيد,آليات الدفاع المدني المتضررة كليا,عدد,التعافي,20,توفير احتياجات الدفاع المدني,1,1,3481845,3481845,,,
211008,الحكم الرشيد,التأهب للكوارث والأزمات,الدفاع المدني,الأضرار في قطاع الحكم الرشيد,آليات الدفاع المدني المتضررة كليا,عدد,التعافي,20,توفير آليات جديدة بدل المتضررة,1,20,100000,2000000,,,
211009,الحكم الرشيد,التأهب للكوارث والأزمات,الدفاع المدني,الأضرار في قطاع الحكم الرشيد,آليات الدفاع المدني المتضررة كليا,عدد,التنمية,20,توفير مركبات إنقاذ سلم هيدروليكي عدد 10 للدفاع المدني,1,10,1300000,13000000,,,
211010,الحكم الرشيد,التأهب للكوارث والأزمات,الدفاع المدني,الأضرار في قطاع الحكم الرشيد,آليات الدفاع المدني المتضررة كليا,عدد,التنمية,20,توفير حفار لأغراض الإنقاذ في الدفاع المدني (8 حفارات),1,8,500000,4000000,,,
211011,الحكم الرشيد,التأهب للكوارث والأزمات,الدفاع المدني,الأضرار في قطاع الحكم الرشيد,آليات الدفاع المدني المتضررة كليا,عدد,التنمية,20,توريد معدات إطفاء وإنقاذ والحماية الشخصية للعاملين بمديرية الدفاع المدني ,1,1,2000000,2000000,,,
211012,الحكم الرشيد,التأهب للكوارث والأزمات,الدفاع المدني,الأضرار في قطاع الحكم الرشيد,آليات الدفاع المدني المتضررة كليا,عدد,التنمية,20,توفير مركبات صهاريج عدد 20 للدفاع المدني,1,20,100000,2000000,,,
212001,الحكم الرشيد,التأهب للكوارث والأزمات,الدفاع المدني,الأضرار في قطاع الحكم الرشيد,آليات الدفاع المدني المتضررة جزئياً,عدد,الإغاثة,60,إصلاح الآليات المتضررة بشكل بسيط وإعادتها للعمل,1,60,5000,300000,,,
212002,الحكم الرشيد,التأهب للكوارث والأزمات,الدفاع المدني,الأضرار في قطاع الحكم الرشيد,آليات الدفاع المدني المتضررة جزئياً,عدد,التعافي,60,إصلاح الآليات التي يمكن إصلاحها,1,60,20000,1200000,,,
212003,الحكم الرشيد,التأهب للكوارث والأزمات,الدفاع المدني,الأضرار في قطاع الحكم الرشيد,آليات الدفاع المدني المتضررة جزئياً,عدد,التنمية,60,توفير مركبات إطفاء وإنقاذ عدد 20 وصيانة وإعادة تأهيل مركبات الإطفاء والإنقاذ للمديرية العامة للدفاع المدني ,1,20,750000,15000000,,,
213001,الحكم الرشيد,التأهب للكوارث والأزمات,الدفاع المدني,الأضرار في قطاع الحكم الرشيد,عجز الوقود لآليات الدفاع المدني,عدد,الإغاثة,0.8,وقود لمركبات الدفاع المدني,1,1,3000000,3000000,,,
213002,الحكم الرشيد,التأهب للكوارث والأزمات,الدفاع المدني,الأضرار في قطاع الحكم الرشيد,عجز الوقود لآليات الدفاع المدني,عدد,التعافي,0.8,وقود لمركبات الدفاع المدني,1,1,100000,100000,,,
214001,الحكم الرشيد,التأهب للكوارث والأزمات,الدفاع المدني,الأضرار في قطاع الحكم الرشيد,معدل قدرة الدفاع المدني على انتشال المتضررين من العدوان من تحت الأنقاض,نسبة,الإغاثة,0.6,تعزيز فرق الدفاع المدني بالكوادر البشرية,1,0.4,1000000,400000,,,
214002,الحكم الرشيد,التأهب للكوارث والأزمات,الدفاع المدني,الأضرار في قطاع الحكم الرشيد,معدل قدرة الدفاع المدني على انتشال المتضررين من العدوان من تحت الأنقاض,نسبة,التنمية,0.6,تعزيز قدرة القطاع العام على التدخا الطارئ والعمل في أوقات الطوارئ,1,1,16000000,16000000,,,
217003,الحكم الرشيد,التأهب للكوارث والأزمات,الإغاثة,الأضرار في قطاع الحكم الرشيد,نسبة وجود صندوق احتياطي كافٍ للإغاثة السريعة,نسبة,التنمية,0.2,مستودعات الطوارئ,1,1,10000000,10000000,,,
217004,الحكم الرشيد,التأهب للكوارث والأزمات,الإغاثة,الأضرار في قطاع الحكم الرشيد,نسبة وجود صندوق احتياطي كافٍ للإغاثة السريعة,نسبة,التنمية,0.2,صندوق الطوارئ للتدخل السريع,1,1,10000000,10000000,,,
218001,الحكم الرشيد,التأهب للكوارث والأزمات,الإغاثة,الأضرار في قطاع الحكم الرشيد,نسبة وصول الإغاثة إلى المتضررين,نسبة,الإغاثة,0.4,فرق إغاثية تشاركية وطنية,1,1000,6000,6000000,,,
