الأضرار,كود الضرر,القطاع الرئيسي,القطاع الفرعي,التصنيف الفرعي,الأضرار,تاريخ المعلومة مبرمج,"نوع القيمة (عدد، معدل، قيمة مالية)",تقدير الأضرار,النسبة,الشكل المناسب,,,,,,,,,,,,,,,,,,,
الشهداء,1000,القطاع الاجتماعي,الحماية الاجتماعية,الشهداء,الشهداء,2024-03-09,عدد,"30,960",1.30%,,,,,,,,,,,,,,,,,,,,
مفقود تحت الأنقاض,2000,القطاع الاجتماعي,الحماية الاجتماعية,الشهداء والمجازر والمفقودين,مفقود تحت الأنقاض,2024-02-29,عدد,"7,000",0.29%,,,,,,,,,,,,,,,,,,,,
,3000,القطاع الاجتماعي,الحماية الاجتماعية,الشهداء والمجازر والمفقودين,قبور تم نبشها,2024-02-14,,"2,000",,,,,,,,,,,,,,,,,,,,,
,4000,القطاع الاجتماعي,الحماية الاجتماعية,الشهداء والمجازر والمفقودين,جثة تم اختطافها,2024-02-14,,300,,,,,,,,,,,,,,,,,,,,,
المجازر,5000,القطاع الاجتماعي,الحماية الاجتماعية,الشهداء والمجازر والمفقودين,المجازر,2024-03-09,عدد,"2,721",,,,,,,,,,,,,,,,,,,,,
شهداء رجال,6000,القطاع الاجتماعي,الحماية الاجتماعية,فئة الشهداء,شهداء رجال,2024-03-09,عدد,"8,460",27.33%,دائرة,,,,,,,,,,,,,,,,,,,
شهداء نساء,7000,القطاع الاجتماعي,الحماية الاجتماعية,فئة الشهداء,شهداء نساء,2024-03-09,عدد,"9,000",29.07%,دائرة,,,,,,,,,,,,,,,,,,,
شهداء أطفال,8000,القطاع الاجتماعي,الحماية الاجتماعية,فئة الشهداء,شهداء أطفال,2024-03-09,عدد,"13,500",43.60%,دائرة,,,,,,,,,,,,,,,,,,,
شهداء بالغين,9000,القطاع الاجتماعي,الحماية الاجتماعية,عمر الشهداء,شهداء بالغين,2024-03-09,عدد,"17,460",56.40%,أيكون,,,,,,,,,,,,,,,,,,,
شهداء كبار السن,10000,القطاع الاجتماعي,الحماية الاجتماعية,عمر الشهداء,شهداء كبار السن,2024-03-09,عدد,"1,335",4.31%,أيكون,,,,,,,,,,,,,,,,,,,
شهداء رجال الدين,11000,القطاع الاجتماعي,الحماية الاجتماعية,شهداء من الكوادر المحمية دولياً,شهداء رجال الدين,2024-03-09,عدد,110,0.36%,أعمدة بيانية عرضية,,,,,,,,,,,,,,,,,,,
شهداء الكوادر الصحية,12000,القطاع الاجتماعي,الحماية الاجتماعية,شهداء من الكوادر المحمية دولياً,شهداء الكوادر الصحية,2024-03-06,عدد,364,1.18%,أعمدة بيانية عرضية,,,,,,,,,,,,,,,,,,,
شهداء الكوادر الصحفية,13000,القطاع الاجتماعي,الحماية الاجتماعية,شهداء من الكوادر المحمية دولياً,شهداء الكوادر الصحفية,2024-03-09,عدد,133,0.43%,أعمدة بيانية عرضية,,,,,,,,,,,,,,,,,,,
شهداء الكوادر التعليمية,14000,القطاع الاجتماعي,الحماية الاجتماعية,شهداء من الكوادر المحمية دولياً,شهداء الكوادر التعليمية,2024-03-09,عدد,283,0.91%,أعمدة بيانية عرضية,,,,,,,,,,,,,,,,,,,
شهداء طلبة,15000,القطاع الاجتماعي,الحماية الاجتماعية,شهداء من الكوادر المحمية دولياً,شهداء طلبة,2024-03-09,عدد,"5,747",18.56%,أعمدة بيانية عرضية,,,,,,,,,,,,,,,,,,,
شهداء كوادر الدفاع المدني,16000,القطاع الاجتماعي,الحماية الاجتماعية,شهداء من الكوادر المحمية دولياً,شهداء كوادر الدفاع المدني,2024-03-06,عدد,48,0.16%,أعمدة بيانية عرضية,,,,,,,,,,,,,,,,,,,
شهداء موظفي الأونروا,17000,القطاع الاجتماعي,الحماية الاجتماعية,شهداء من الكوادر المحمية دولياً,شهداء موظفي الأونروا,2024-02-08,عدد,152,0.49%,أعمدة بيانية عرضية,,,,,,,,,,,,,,,,,,,
المصابين,18000,القطاع الاجتماعي,الصحة والدعم النفسي الاجتماعي,المصابين,المصابين,2024-03-06,عدد,"72,524",3.05%,,,,,,,,,,,,,,,,,,,,
إصابات الأطفال,19000,القطاع الاجتماعي,الصحة والدعم النفسي الاجتماعي,فئة المصابين,إصابات الأطفال,2024-03-06,عدد,"23,871",32.91%,دائرة1,,,,,,,,,,,,,,,,,,,
إصابات النساء,20000,القطاع الاجتماعي,الصحة والدعم النفسي الاجتماعي,فئة المصابين,إصابات النساء,2024-03-06,عدد,"17,849",24.61%,دائرة1,,,,,,,,,,,,,,,,,,,
إصابات الرجال,21000,القطاع الاجتماعي,الصحة والدعم النفسي الاجتماعي,فئة المصابين,إصابات الرجال,2024-03-06,عدد,"30,804",42.47%,دائرة,,,,,,,,,,,,,,,,,,,
إصابات بالغين,22000,القطاع الاجتماعي,الصحة والدعم النفسي الاجتماعي,فئة المصابين,إصابات بالغين,2024-03-09,عدد,0,,أيكون,,,,,,,,,,,,,,,,,,,
إصابات كبار السن,23000,القطاع الاجتماعي,الصحة والدعم النفسي الاجتماعي,فئة المصابين,إصابات كبار السن,2024-03-09,عدد,0,,أيكون,,,,,,,,,,,,,,,,,,,
إصابات شديدة,24000,القطاع الاجتماعي,الصحة والدعم النفسي الاجتماعي,مستوى الإصابة,إصابات شديدة,2024-03-06,عدد,"14,026",19.34%,دائرة2,,,,,,,,,,,,,,,,,,,
إصابة متوسطة,25000,القطاع الاجتماعي,الصحة والدعم النفسي الاجتماعي,مستوى الإصابة,إصابة متوسطة,2024-03-06,عدد,"26,520",36.57%,دائرة2,,,,,,,,,,,,,,,,,,,
إصابة طفيفة,26000,القطاع الاجتماعي,الصحة والدعم النفسي الاجتماعي,مستوى الإصابة,إصابة طفيفة,2024-03-06,عدد,"31,978",44.09%,دائرة2,,,,,,,,,,,,,,,,,,,
إصابات بالإعاقة,27000,القطاع الاجتماعي,الصحة والدعم النفسي الاجتماعي,مستوى الإصابة,إصابات بالإعاقة,2024-03-09,عدد,"13,780",19.00%,أيكون,,,,,,,,,,,,,,,,,,,
عدد المصابين المحولين للخارج,28000,القطاع الاجتماعي,الصحة والدعم النفسي الاجتماعي,المصابين المحولين للخارج,عدد المصابين المحولين للخارج,2024-02-09,عدد,"1,337",12.15%,أيكون,,,,,,,,,,,,,,,,,,,
إصابة كوادر طبية,29000,القطاع الاجتماعي,الصحة والدعم النفسي الاجتماعي,مصابين محميين دولياً,إصابة كوادر طبية,2024-02-14,عدد,963,1.33%,أعمدة بيانية عرضية,,,,,,,,,,,,,,,,,,,
إصابات كوادر تعليمية,30000,القطاع الاجتماعي,الصحة والدعم النفسي الاجتماعي,مصابين محميين دولياً,إصابات كوادر تعليمية,2024-03-09,عدد,990,1.37%,أعمدة بيانية عرضية,,,,,,,,,,,,,,,,,,,
إصابات طلبة,31000,القطاع الاجتماعي,الصحة والدعم النفسي الاجتماعي,مصابين محميين دولياً,إصابات طلبة,2024-02-14,,,0.00%,أعمدة بيانية عرضية,,,,,,,,,,,,,,,,,,,
إصابات كوادر صحفية,32000,القطاع الاجتماعي,الصحة والدعم النفسي الاجتماعي,مصابين محميين دولياً,إصابات كوادر صحفية,2024-02-14,عدد,82,0.11%,أعمدة بيانية عرضية,,,,,,,,,,,,,,,,,,,
إصابات دفاع مدني,33000,القطاع الاجتماعي,الصحة والدعم النفسي الاجتماعي,مصابين محميين دولياً,إصابات دفاع مدني,2024-03-06,عدد,143,0.20%,أعمدة بيانية عرضية,,,,,,,,,,,,,,,,,,,
"المعتلقين، المعتقلين المحميين دولياً",34000,القطاع الاجتماعي,الحماية الاجتماعية,المعتقلين,"المعتلقين، المعتقلين المحميين دولياً",2024-03-09,عدد,"3,120",0.13%,,,,,,,,,,,,,,,,,,,,
الاعتقالات,35000,القطاع الاجتماعي,الحماية الاجتماعية,المعتقلين,الاعتقالات,2024-03-06,عدد,"3,120",,,,,,,,,,,,,,,,,,,,,
اعتقال كادر صحي,36000,القطاع الاجتماعي,الحماية الاجتماعية,المعتقلين المحميين دوليا,اعتقال كادر صحي,2024-03-06,عدد,269,,أيكون,,,,,,,,,,,,,,,,,,,
اعتقال صحفي,37000,القطاع الاجتماعي,الحماية الاجتماعية,المعتقلين المحميين دوليا,اعتقال صحفي,2024-02-05,عدد,10,,أيكون,,,,,,,,,,,,,,,,,,,
اعتقال كوادر الدفاع المدني ,38000,القطاع الاجتماعي,الحماية الاجتماعية,المعتقلين المحميين دوليا,اعتقال كوادر الدفاع المدني ,2024-02-05,عدد,5,,أيكون,,,,,,,,,,,,,,,,,,,
"الأيتام، طفل يتيم الأم، طفل يتيم الأب، طفل بدون عائلة",39000,القطاع الاجتماعي,الحماية الاجتماعية,الأيتام,"الأيتام، طفل يتيم الأم، طفل يتيم الأب، طفل بدون عائلة",2024-03-09,عدد,"18,374",1.72%,,,,,,,,,,,,,,,,,,,,
الأيتام,40000,القطاع الاجتماعي,الحماية الاجتماعية,الأيتام,الأيتام,2024-02-05,عدد,"18,374",,أيكون,,,,,,,,,,,,,,,,,,,
طفل يتيم الأم ,41000,القطاع الاجتماعي,الحماية الاجتماعية,الأيتام,طفل يتيم الأم ,2024-02-05,عدد,"8,352",,أيكون,,,,,,,,,,,,,,,,,,,
طفل يتيم الأب,42000,القطاع الاجتماعي,الحماية الاجتماعية,الأيتام,طفل يتيم الأب,2024-02-05,عدد,"10,022",,أيكون,,,,,,,,,,,,,,,,,,,
طفل بدون عائلة,43000,القطاع الاجتماعي,الحماية الاجتماعية,الأيتام,طفل بدون عائلة,2024-02-14,عدد,"7,000",,أيكون,,,,,,,,,,,,,,,,,,,
"النازحين،مراكز الإيواء، الأشخاص والأطفال الذين يحتاجون لدعم نفسي",44000,القطاع الاجتماعي,الحماية الاجتماعية,النازحين,"النازحين،مراكز الإيواء، الأشخاص والأطفال الذين يحتاجون لدعم نفسي",2024-03-09,عدد,"2,000,000",84.19%,,,,,,,,,,,,,,,,,,,,
النازحين,45000,القطاع الاجتماعي,الحماية الاجتماعية,النازحين,النازحين,2024-02-05,عدد,"2,000,000",84.19%,أيكون,,,,,,,,,,,,,,,,,,,
النازحين الذين أصيبوا بأمراض معدية,46000,القطاع الاجتماعي,الحماية الاجتماعية,النازحين,النازحين الذين أصيبوا بأمراض معدية,2024-02-05,عدد,"700,000",35.00%,أيكون,,,,,,,,,,,,,,,,,,,
مراكز الإيواء,47000,القطاع الاجتماعي,الحماية الاجتماعية,النازحين,مراكز الإيواء,2024-02-05,عدد,231,29.02%,أيكون,,,,,,,,,,,,,,,,,,,
عدد مراكز الإيواء التي تم استهدافها,48000,القطاع الاجتماعي,الحماية الاجتماعية,النازحين,عدد مراكز الإيواء التي تم استهدافها,2024-02-05,عدد,156,19.60%,أيكون,,,,,,,,,,,,,,,,,,,
نسبة إشغال مراكز الإيواء,49000,القطاع الاجتماعي,الحماية الاجتماعية,النازحين,نسبة إشغال مراكز الإيواء,2024-02-05,نسبة,200%,,أيكون,,,,,,,,,,,,,,,,,,,
 طفل أصبحوا من دون ذويهم أو انفصلوا عن عائلاتهم خلال الحرب,50000,القطاع الاجتماعي,الحماية الاجتماعية,النازحين, طفل أصبحوا من دون ذويهم أو انفصلوا عن عائلاتهم خلال الحرب,2024-02-05,,"17,000",1.59%,أيكون,,,,,,,,,,,,,,,,,,,
النازحين في مراكز الإيواء التابعة للأنروا,51000,القطاع الاجتماعي,الحماية الاجتماعية,النازحين,النازحين في مراكز الإيواء التابعة للأنروا,2023-11-13,,"1,400,000",70.00%,أيكون,,,,,,,,,,,,,,,,,,,
الأشخاص الذين يحتاجون دعم نفسي,52000,القطاع الاجتماعي,الصحة والدعم النفسي الاجتماعي,الدعم النفسي,الأشخاص الذين يحتاجون دعم نفسي,2024-03-09,عدد,"2,000,000",84.19%,أيكون,,,,,,,,,,,,,,,,,,,
الأطفال الذين يحتاجون دعم نفسي,53000,القطاع الاجتماعي,الصحة والدعم النفسي الاجتماعي,الدعم النفسي,الأطفال الذين يحتاجون دعم نفسي,2024-03-09,عدد,"780,800",73.07%,أيكون,,,,,,,,,,,,,,,,,,,
,54000,القطاع الاجتماعي,الصحة والدعم النفسي الاجتماعي,الأضرار الصحية,"عدد المصابين،  المصابين المحولين للخارج،  المنشآت الصحية المتضررة،  عدد مركبات الإسعاف المتضررة،  المرضى المتأثرين بالعدوان.",2024-03-09,عدد,506,88.15%,,,,,,,,,,,,,,,,,,,,
المستشفيات المتضررة بشكل بليغ أو كلي,55000,القطاع الاجتماعي,الصحة والدعم النفسي الاجتماعي,المنشآت الصحية,المستشفيات المتضررة بشكل بليغ أو كلي,2024-03-09,عدد,32,91.43%,دائرة1,,,,,,,,,,,,,,,,,,,
عدد المستشفيات المتضررة جزئياً,56000,القطاع الاجتماعي,الصحة والدعم النفسي الاجتماعي,المنشآت الصحية,عدد المستشفيات المتضررة جزئياً,2024-03-09,عدد,3,8.57%,دائرة1,,,,,,,,,,,,,,,,,,,
المراكز الطبية المتضررة بشكل بليغ أو كلي,57000,القطاع الاجتماعي,الصحة والدعم النفسي الاجتماعي,المنشآت الصحية,المراكز الطبية المتضررة بشكل بليغ أو كلي,2023-12-15,عدد,53,33.33%,دائرة2,,,,,,,,,,,,,,,,,,,
المراكز الطبية المتضررة بشكل جزئياً,58000,القطاع الاجتماعي,الصحة والدعم النفسي الاجتماعي,المنشآت الصحية,المراكز الطبية المتضررة بشكل جزئياً,2023-12-15,عدد,74,46.54%,دائرة2,,,,,,,,,,,,,,,,,,,
العيادات المتضررة بشكل بليغ أو كلي,59000,القطاع الاجتماعي,الصحة والدعم النفسي الاجتماعي,المنشآت الصحية,العيادات المتضررة بشكل بليغ أو كلي,2024-03-09,عدد,40,22.22%,دائرة3,,,,,,,,,,,,,,,,,,,
العيادات المتضررة جزئياً,60000,القطاع الاجتماعي,الصحة والدعم النفسي الاجتماعي,المنشآت الصحية,العيادات المتضررة جزئياً,2024-03-09,عدد,84,46.67%,دائرة3,,,,,,,,,,,,,,,,,,,
المستشفيات التي خرجت عن الخدمة ,61000,القطاع الاجتماعي,الصحة والدعم النفسي الاجتماعي,المنشآت الصحية,المستشفيات التي خرجت عن الخدمة ,2024-02-29,عدد,31,88.57%,أيكون,,,,,,,,,,,,,,,,,,,
المراكز الطبية التي خرجت عن الخدمة ,62000,القطاع الاجتماعي,الصحة والدعم النفسي الاجتماعي,المنشآت الصحية,المراكز الطبية التي خرجت عن الخدمة ,2024-02-05,عدد,53,33.33%,أيكون,,,,,,,,,,,,,,,,,,,
مركبات إسعاف متضررة بشكل بليغ أو كلي,63000,القطاع الاجتماعي,الصحة والدعم النفسي الاجتماعي,مركبات الإسعاف والأجهزة والمعدات الطبية,مركبات إسعاف متضررة بشكل بليغ أو كلي,2024-02-29,عدد,124,62.00%,دائرة4,,,,,,,,,,,,,,,,,,,
مركبات إسعاف متضررة جزئياً,64000,القطاع الاجتماعي,الصحة والدعم النفسي الاجتماعي,مركبات الإسعاف والأجهزة والمعدات الطبية,مركبات إسعاف متضررة جزئياً,2023-12-15,عدد,43,21.50%,دائرة4,,,,,,,,,,,,,,,,,,,
معدل إشغال أسرة المستشفيات,65000,القطاع الاجتماعي,الصحة والدعم النفسي الاجتماعي,إشغال المستشفيات,معدل إشغال أسرة المستشفيات,2024-02-05,نسبة,340%,,أيكون,,,,,,,,,,,,,,,,,,,
معدل إشغال أسرة العناية المركزة,66000,القطاع الاجتماعي,الصحة والدعم النفسي الاجتماعي,إشغال المستشفيات,معدل إشغال أسرة العناية المركزة,2023-12-15,نسبة,236%,,أيكون,,,,,,,,,,,,,,,,,,,
مرضى بسبب العدوان أو يعانون تحت العدوان,67000,القطاع الاجتماعي,الصحة والدعم النفسي الاجتماعي,المرضى المتأثرين بالعدوان,مرضى بسبب العدوان أو يعانون تحت العدوان,2024-03-09,,2268980,95.51%,,,,,,,,,,,,,,,,,,,,
عدد المرضى المحولين للخارج,68000,القطاع الاجتماعي,الصحة والدعم النفسي الاجتماعي,المرضى المتأثرين بالعدوان,عدد المرضى المحولين للخارج,2024-02-09,عدد,693,0.10%,أعمدة بيانية عرضية1,,,,,,,,,,,,,,,,,,,
حالة عدوى التهاب الكبد الوبائي الفيروسي من نوع A نتيجة الاكتظاظ ,69000,القطاع الاجتماعي,الصحة والدعم النفسي الاجتماعي,المرضى المتأثرين بالعدوان,حالة عدوى التهاب الكبد الوبائي الفيروسي من نوع A نتيجة الاكتظاظ ,2024-02-05,عدد,"8,000",0.34%,أعمدة بيانية عرضية1,,,,,,,,,,,,,,,,,,,
مرضى بحاجة لرعاية صحية منقذة للحياة,70000,القطاع الاجتماعي,الصحة والدعم النفسي الاجتماعي,المرضى المتأثرين بالعدوان,مرضى بحاجة لرعاية صحية منقذة للحياة,2023-12-15,عدد,"4,800",0.20%,أعمدة بيانية عرضية1,,,,,,,,,,,,,,,,,,,
مرضى بحاجة إلى غسيل الكلى,71000,القطاع الاجتماعي,الصحة والدعم النفسي الاجتماعي,المرضى المتأثرين بالعدوان,مرضى بحاجة إلى غسيل الكلى,2024-02-05,عدد,"1,100",0.05%,أعمدة بيانية عرضية1,,,,,,,,,,,,,,,,,,,
مرضى سرطان بحاجة لرعاية دائمة,72000,القطاع الاجتماعي,الصحة والدعم النفسي الاجتماعي,المرضى المتأثرين بالعدوان,مرضى سرطان بحاجة لرعاية دائمة,2024-02-29,عدد,"10,000",0.42%,أعمدة بيانية عرضية1,,,,,,,,,,,,,,,,,,,
حالة موثقة مصابة بالأمراض المعدية نتيجة النزوح,73000,القطاع الاجتماعي,الصحة والدعم النفسي الاجتماعي,المرضى المتأثرين بالعدوان,حالة موثقة مصابة بالأمراض المعدية نتيجة النزوح,2024-02-29,عدد,"700,000",29.47%,أعمدة بيانية عرضية2,,,,,,,,,,,,,,,,,,,
حالة التهاب تنفسي حاد بين النازحين,74000,القطاع الاجتماعي,الصحة والدعم النفسي الاجتماعي,المرضى المتأثرين بالعدوان,حالة التهاب تنفسي حاد بين النازحين,2024-02-05,عدد,"180,000",7.58%,أعمدة بيانية عرضية2,,,,,,,,,,,,,,,,,,,
حالة اسهال وجفاف حاد عند الأطفال دون سن الخامسة,75000,القطاع الاجتماعي,الصحة والدعم النفسي الاجتماعي,المرضى المتأثرين بالعدوان,حالة اسهال وجفاف حاد عند الأطفال دون سن الخامسة,2024-02-05,عدد,"136,400",5.74%,أعمدة بيانية عرضية2,,,,,,,,,,,,,,,,,,,
حالة مرض جلدي,76000,القطاع الاجتماعي,الصحة والدعم النفسي الاجتماعي,المرضى المتأثرين بالعدوان,حالة مرض جلدي,2024-02-05,عدد,"50,000",2.10%,أعمدة بيانية عرضية2,,,,,,,,,,,,,,,,,,,
نسبة الأطفال يتعرضون لسوء التغذية والأمراض التنفسية والجلدية وانقطاع التطعيمات,77000,القطاع الاجتماعي,الصحة والدعم النفسي الاجتماعي,المرضى المتأثرين بالعدوان,نسبة الأطفال يتعرضون لسوء التغذية والأمراض التنفسية والجلدية وانقطاع التطعيمات,2024-02-05,نسبة,747987,70.00%,أعمدة بيانية عرضية2,,,,,,,,,,,,,,,,,,,
مريض مزمن بحاجة إلى متابعة طبية وأدوية,78000,القطاع الاجتماعي,الصحة والدعم النفسي الاجتماعي,المرضى المتأثرين بالعدوان,مريض مزمن بحاجة إلى متابعة طبية وأدوية,2024-02-29,عدد,"350,000",14.73%,أعمدة بيانية عرضية2,,,,,,,,,,,,,,,,,,,
امرأة حامل بحاجة إلى رعاية صحية,79000,القطاع الاجتماعي,الصحة والدعم النفسي الاجتماعي,المرضى المتأثرين بالعدوان,امرأة حامل بحاجة إلى رعاية صحية,2024-02-05,عدد,"60,000",10.99%,أعمدة بيانية عرضية2,,,,,,,,,,,,,,,,,,,
الأطفال الذين ولدوا أثناء العدوان,80000,القطاع الاجتماعي,الصحة والدعم النفسي الاجتماعي,المرضى المتأثرين بالعدوان,الأطفال الذين ولدوا أثناء العدوان,2024-02-05,عدد,"20,000",,أيكون,,,,,,,,,,,,,,,,,,,
العجز في الاحتياجات التشغيلية الطبية,81000,القطاع الاجتماعي,الصحة والدعم النفسي الاجتماعي,الأدوية والمستلزمات الطبية,العجز في الاحتياجات التشغيلية الطبية,2024-03-09,قيمة إجمالية,"439,683,383",100.00%,,,,,,,,,,,,,,,,,,,,
الأدوية ,82000,القطاع الاجتماعي,الصحة والدعم النفسي الاجتماعي,الأدوية والمستلزمات الطبية,الأدوية ,2024-03-09,قيمة إجمالية,"223,963,122",,أيكون,,,,,,,,,,,,,,,,,,,
المستلزمات الطبية ,83000,القطاع الاجتماعي,الصحة والدعم النفسي الاجتماعي,الأدوية والمستلزمات الطبية,المستلزمات الطبية ,2024-03-09,قيمة إجمالية,"74,459,959",,أيكون,,,,,,,,,,,,,,,,,,,
الأجهزة والمعدات ,84000,القطاع الاجتماعي,الصحة والدعم النفسي الاجتماعي,مركبات الإسعاف والأجهزة والمعدات الطبية,الأجهزة والمعدات ,2024-03-09,قيمة إجمالية,"139,060,302",,أيكون,,,,,,,,,,,,,,,,,,,
وقود لمولدات المستشفيات ومركبات الإسعاف شهرياً باللتر,85000,القطاع الاجتماعي,الصحة والدعم النفسي الاجتماعي,الوقود,وقود لمولدات المستشفيات ومركبات الإسعاف شهرياً باللتر,2023-12-15,قيمة إجمالية,"2,200,000",,أيكون,,,,,,,,,,,,,,,,,,,
,86000,القطاع الاجتماعي,التعليم,التعليم,"عدد الجامعات المتضررة،  المدارس المتضررة،  رياض الأطفال المتضررة،  طلبة الجامعات،  طلبة المدارس. ",2024-03-09,عدد,"1,007,938",99.73%,,,,,,,,,,,,,,,,,,,,
الجامعات المتضررة بشكل بليغ أو كلي,87000,القطاع الاجتماعي,التعليم,الجامعات,الجامعات المتضررة بشكل بليغ أو كلي,2024-02-05,عدد,7,24.14%,دائرة1,,,,,,,,,,,,,,,,,,,
الجامعات المتضررة جزئياً/ مبنى,88000,القطاع الاجتماعي,التعليم,الجامعات,الجامعات المتضررة جزئياً/ مبنى,2024-03-09,عدد,22,75.86%,دائرة1,,,,,,,,,,,,,,,,,,,
طالب جامعة انقطع عن التعليم,89000,القطاع الاجتماعي,التعليم,الجامعات,طالب جامعة انقطع عن التعليم,2024-03-09,عدد,"86,841",100.00%,أعمدة بيانية عرضية,,,,,,,,,,,,,,,,,,,
عدد المدارس المتضررة بشكل بليغ أو كلي,90000,القطاع الاجتماعي,التعليم,المدارس,عدد المدارس المتضررة بشكل بليغ أو كلي,2024-02-29,عدد,100,12.56%,دائرة2,,,,,,,,,,,,,,,,,,,
عدد المدارس المتضررة جزئياً,91000,القطاع الاجتماعي,التعليم,المدارس,عدد المدارس المتضررة جزئياً,2024-02-05,عدد,295,37.06%,دائرة2,,,,,,,,,,,,,,,,,,,
عدد المدارس الحكومية التي تستخدم كمأوى,92000,القطاع الاجتماعي,التعليم,المدارس,عدد المدارس الحكومية التي تستخدم كمأوى,2024-02-05,عدد,133,30.09%,أيكون,,,,,,,,,,,,,,,,,,,
عدد المدارس الـأونروا التي تستخدم كمأوى,93000,القطاع الاجتماعي,التعليم,المدارس,عدد المدارس الـأونروا التي تستخدم كمأوى,2023-12-31,عدد,154,54.23%,أيكون,,,,,,,,,,,,,,,,,,,
عدد المدارس التي تستخدم كمأوى,94000,القطاع الاجتماعي,التعليم,المدارس,عدد المدارس التي تستخدم كمأوى,2024-02-05,عدد,231,29.02%,أيكون,,,,,,,,,,,,,,,,,,,
طالب مدرسة انقطع عن التعليم,95000,القطاع الاجتماعي,التعليم,المدارس,طالب مدرسة انقطع عن التعليم,2024-02-05,عدد,"760,062",100.00%,أعمدة بيانية عرضية,,,,,,,,,,,,,,,,,,,
مراكز تعليمية بمتضررة شكل بليغ أو كلي,96000,القطاع الاجتماعي,التعليم,المراكز التعليمية,مراكز تعليمية بمتضررة شكل بليغ أو كلي,2024-03-09,عدد,87,4.79%,دائرة3,,,,,,,,,,,,,,,,,,,
مراكز تعليمية متضررة بشكل جزئي,97000,القطاع الاجتماعي,التعليم,المراكز التعليمية,مراكز تعليمية متضررة بشكل جزئي,2024-03-09,عدد,639,35.21%,دائرة3,,,,,,,,,,,,,,,,,,,
رياض الأطفال  المتضرر بشكل بليغ أو كلي,98000,القطاع الاجتماعي,التعليم,رياض الأطفال,رياض الأطفال  المتضرر بشكل بليغ أو كلي,2024-03-09,عدد,87,14.03%,دائرة4,,,,,,,,,,,,,,,,,,,
رياض الأطفال  المتضرر جزئياً,99000,القطاع الاجتماعي,التعليم,رياض الأطفال,رياض الأطفال  المتضرر جزئياً,2024-03-09,عدد,285,45.97%,دائرة4,,,,,,,,,,,,,,,,,,,
طالب رياض أطفال انقطع عن التعليم,100000,القطاع الاجتماعي,التعليم,رياض الأطفال,طالب رياض أطفال انقطع عن التعليم,2024-03-09,عدد,"158,995",100.00%,أعمدة بيانية عرضية,,,,,,,,,,,,,,,,,,,
,101000,القطاع الاجتماعي,المجتمع المدني والمؤسسات الدينية والثقافية,المؤسسات,"المؤسسات الخيرية المتضررة،  الأندية الرياضية المتضررة،  المؤسسات الإعلامية المتضررة،  المساجد المتضررة،  الكنائس المتضررة،  المواقع الأثرية والثقافية المتضررة.",2024-03-09,عدد,"1,446",43.78%,,,,,,,,,,,,,,,,,,,,
مؤسسات خيرية متضررة بشكل بليغ أو كلي,102000,القطاع الاجتماعي,المجتمع المدني والمؤسسات الدينية والثقافية,المؤسسات الخيرية,مؤسسات خيرية متضررة بشكل بليغ أو كلي,2024-03-09,عدد,29,2.24%,دائرة1,,,,,,,,,,,,,,,,,,,
مؤسسات خيرية متضررة جزئياً,103000,القطاع الاجتماعي,المجتمع المدني والمؤسسات الدينية والثقافية,المؤسسات الخيرية,مؤسسات خيرية متضررة جزئياً,2024-03-09,عدد,321,24.85%,دائرة1,,,,,,,,,,,,,,,,,,,
الأندية الرياضية المتضررة,104000,القطاع الاجتماعي,المجتمع المدني والمؤسسات الدينية والثقافية,الأندية الرياضية,الأندية الرياضية المتضررة,2024-03-09,عدد,61,71.76%,أيكون,,,,,,,,,,,,,,,,,,,
المؤسسات الإعلامية المتضررة بشكل بليغ أو كلي,105000,القطاع الاجتماعي,المجتمع المدني والمؤسسات الدينية والثقافية,المؤسسات الإعلامية,المؤسسات الإعلامية المتضررة بشكل بليغ أو كلي,2024-02-19,عدد,173,49.43%,دائرة2,,,,,,,,,,,,,,,,,,,
المؤسسات الإعلامية المتضررة جزئياً,106000,القطاع الاجتماعي,المجتمع المدني والمؤسسات الدينية والثقافية,المؤسسات الإعلامية,المؤسسات الإعلامية المتضررة جزئياً,2023-12-15,عدد,78,22.29%,دائرة2,,,,,,,,,,,,,,,,,,,
عدد المساجد المتضررة بشكل بليغ أو كلي,107000,القطاع الاجتماعي,المجتمع المدني والمؤسسات الدينية والثقافية,المساجد,عدد المساجد المتضررة بشكل بليغ أو كلي,2024-03-09,عدد,219,17.55%,دائرة3,,,,,,,,,,,,,,,,,,,
عدد المساجد المتضررة جزئياً,108000,القطاع الاجتماعي,المجتمع المدني والمؤسسات الدينية والثقافية,المساجد,عدد المساجد المتضررة جزئياً,2024-03-09,عدد,287,23.00%,دائرة3,,,,,,,,,,,,,,,,,,,
عدد الكنائس المتضررة بشكل بليغ أو كلي,109000,القطاع الاجتماعي,المجتمع المدني والمؤسسات الدينية والثقافية,الكنائس,عدد الكنائس المتضررة بشكل بليغ أو كلي,2023-12-15,عدد,1,33.33%,دائرة4,,,,,,,,,,,,,,,,,,,
عدد الكنائس المتضررة جزئياً,110000,القطاع الاجتماعي,المجتمع المدني والمؤسسات الدينية والثقافية,الكنائس,عدد الكنائس المتضررة جزئياً,2023-12-15,عدد,2,66.67%,دائرة4,,,,,,,,,,,,,,,,,,,
المواقع الأثرية والتراثية والمراكز الثقافي المتضررة بشكل بليغ أو كلي,111000,القطاع الاجتماعي,المجتمع المدني والمؤسسات الدينية والثقافية,المواقع الاثرية والثقافية,المواقع الأثرية والتراثية والمراكز الثقافي المتضررة بشكل بليغ أو كلي,2024-02-05,عدد,200,61.54%,دائرة5,,,,,,,,,,,,,,,,,,,
المواقع الأثرية والتراثية والمراكز الثقافي المتضررة جزئياً,112000,القطاع الاجتماعي,المجتمع المدني والمؤسسات الدينية والثقافية,المواقع الاثرية والثقافية,المواقع الأثرية والتراثية والمراكز الثقافي المتضررة جزئياً,2024-03-09,عدد,75,23.08%,دائرة5,,,,,,,,,,,,,,,,,,,
الوحدات السكنية المتضررة,113000,البنية التحتية,السكن والمأوى,الوحدات السكنية,الوحدات السكنية المتضررة,2024-02-05,عدد,"322,500",71.58%,,,,,,,,,,,,,,,,,,,,
وحدة سكنية مدمرة كلياً,114000,البنية التحتية,السكن والمأوى,الوحدات السكنية,وحدة سكنية مدمرة كلياً,2024-02-29,عدد,"70,000",15.54%,دائرة,,,,,,,,,,,,,,,,,,,
وحدة سكنية مدمرة بشكل بليغ,115000,البنية التحتية,السكن والمأوى,الوحدات السكنية,وحدة سكنية مدمرة بشكل بليغ,2023-12-15,عدد,"22,200",4.93%,دائرة,,,,,,,,,,,,,,,,,,,
وحدة سكنية مدمرة بشكل جزئي,116000,البنية التحتية,السكن والمأوى,الوحدات السكنية,وحدة سكنية مدمرة بشكل جزئي,2023-12-15,عدد,"230,300",51.12%,دائرة,,,,,,,,,,,,,,,,,,,
المباني السكنية المدمرة,117000,البنية التحتية,السكن والمأوى,الوحدات السكنية,المباني السكنية المدمرة,2024-02-05,عدد,"25,500",11.66%,رقم كبير,,,,,,,,,,,,,,,,,,,
وحدة سكنية تم حرقها,118000,البنية التحتية,السكن والمأوى,الوحدات السكنية,وحدة سكنية تم حرقها,2024-02-14,,"3,000",0.67%,رقم كبير,,,,,,,,,,,,,,,,,,,
,119000,البنية التحتية,المنشآت الحكومية والعامة,المنشآت الحكومية والعامة,المباني والمنشآت الحكومية والأممية المتضررة.,2024-03-09,عدد,373,64.09%,,,,,,,,,,,,,,,,,,,,
مباني ومرافق حكومية متضررة بشكل بليغ أو كلي,120000,البنية التحتية,المنشآت الحكومية والعامة,المباني والمرافق الحكومية,مباني ومرافق حكومية متضررة بشكل بليغ أو كلي,2024-03-09,عدد,166,60.14%,أيكون,,,,,,,,,,,,,,,,,,,
مباني ومرافق حكومية متضررة جزئياً,121000,البنية التحتية,المنشآت الحكومية والعامة,المباني والمرافق الحكومية,مباني ومرافق حكومية متضررة جزئياً,2023-12-15,عدد,60,21.74%,أيكون,,,,,,,,,,,,,,,,,,,
حدائق متضررة ,,البنية التحتية,المنشآت الحكومية والعامة,المباني والمرافق الحكومية,حدائق متضررة ,2024-02-08,عدد,8,,,,,,,,,,,,,,,,,,,,,
مباني ومرافق للأونروا تم استهدافها,122000,البنية التحتية,المنشآت الحكومية والعامة,منشآت ومرافق الأونروا,مباني ومرافق للأونروا تم استهدافها,2023-12-31,عدد,147,48.04%,أيكون,,,,,,,,,,,,,,,,,,,
,123000,البنية التحتية,المعابر والطرق والاتصالات,النقل والاتصالات,"تضررالمعابر،  تضرر الطرق والمركبات، تضرر شبكات الاتصالات",2024-03-09,عدد,3,37.50%,,,,,,,,,,,,,,,,,,,,
المعابر الحدودية المتضررة,124000,البنية التحتية,المعابر,المعابر,المعابر الحدودية المتضررة,2023-12-15,عدد,3,37.50%,أيكون,,,,,,,,,,,,,,,,,,,
المركبات المتضررة,125000,البنية التحتية,الطرق,المركبات,المركبات المتضررة,2024-03-09,عدد,"8,513",9.66%,أيكون,,,,,,,,,,,,,,,,,,,
الطرق (أسفلت)/ كم,126000,البنية التحتية,الطرق,الطرق,الطرق (أسفلت)/ كم,2024-03-09,عدد,"1,294",,أيكون,,,,,,,,,,,,,,,,,,,
الاتصالات /كم,127000,البنية التحتية,الاتصالات,الاتصالات,الاتصالات /كم,2024-03-09,قيمة إجمالية,415,,أيكون,,,,,,,,,,,,,,,,,,,
,128000,البنية التحتية,المياه والصرف الصحي,المياه والصرف الصحي,"تضرر شبكات المياه ومحطات معالجة الصرف الصحي، وتضرر آبار ومحطات تحلية المياه.",2024-03-09,عدد,"3,249",31.20%,,,,,,,,,,,,,,,,,,,,
تدمير شبكات المياه /كم,129000,البنية التحتية,المياه والصرف الصحي,مياه الشرب,تدمير شبكات المياه /كم,2024-03-09,عدد,"1,944",,أيكون,,,,,,,,,,,,,,,,,,,
تدمير شبكات المياه العادمة /م,130000,البنية التحتية,المياه والصرف الصحي,الصرف الصحي,تدمير شبكات المياه العادمة /م,2024-03-09,عدد,826,,أيكون,,,,,,,,,,,,,,,,,,,
خزانات المياه ,131000,البنية التحتية,المياه والصرف الصحي,مياه الشرب,خزانات المياه ,2024-03-09,عدد,83,,أيكون,,,,,,,,,,,,,,,,,,,
محطة معالجة الصرف الصحي,132000,البنية التحتية,المياه والصرف الصحي,الصرف الصحي,محطة معالجة الصرف الصحي,2023-12-15,عدد,65,,أيكون,,,,,,,,,,,,,,,,,,,
تضرر صهريج نقل مياه ,133000,البنية التحتية,المياه والصرف الصحي,مياه الشرب,تضرر صهريج نقل مياه ,2024-03-09,عدد,86,,أيكون,,,,,,,,,,,,,,,,,,,
آبار متضررة,134000,البنية التحتية,المياه والصرف الصحي,مياه الشرب,آبار متضررة,2024-02-05,عدد,60,,أيكون,,,,,,,,,,,,,,,,,,,
محطات التحلية المتضررة بشكل بليغ أو كلي,135000,البنية التحتية,المياه والصرف الصحي,مياه الشرب,محطات التحلية المتضررة بشكل بليغ أو كلي,2024-03-09,عدد,170,,أيكون,,,,,,,,,,,,,,,,,,,
محطات التحلية جزئياً,136000,البنية التحتية,المياه والصرف الصحي,مياه الشرب,محطات التحلية جزئياً,2024-03-09,عدد,15,,أيكون,,,,,,,,,,,,,,,,,,,
,137000,البنية التحتية,الطاقة,الطاقة,"ضرر شبكات الكهرباء ووحدات الطاقة الشمسية، وتضرر مولدات الطاقة ومحطات الوقود.",2024-03-09,,"9,779",63.94%,,,,,,,,,,,,,,,,,,,,
تدمير شبكات الكهرباء,138000,البنية التحتية,الطاقة,الكهرباء,تدمير شبكات الكهرباء,2024-03-09,قيمة إجمالية$,"312,096,981",,أيكون,,,,,,,,,,,,,,,,,,,
وحدات الطاقة الشمسية المتضررة,139000,البنية التحتية,الطاقة,الطاقة الشمسية,وحدات الطاقة الشمسية المتضررة,2024-03-09,عدد,"8,876",,أيكون,,,,,,,,,,,,,,,,,,,
مولدات الطاقة ومحطات البنزين,140000,البنية التحتية,الطاقة,مولدات الطاقة,مولدات الطاقة ومحطات البنزين,2024-03-09,عدد,104,,أيكون,,,,,,,,,,,,,,,,,,,
تضرر محطة الكهرباء المركزية,141000,البنية التحتية,الطاقة,مولدات الطاقة,تضرر محطة الكهرباء المركزية,2024-03-09,عدد,1,,أيكون,,,,,,,,,,,,,,,,,,,
,142000,البنية التحتية,النفايات والمخلفات,النفايات والمخلفات,الردم والنفايات الصلبة والمخلفات الطبية الناتجة عن العدوان.,2024-03-09,قيمة إجمالية,"27,526,503",,,,,,,,,,,,,,,,,,,,,
عدد القنابل التي ألقيت على قطاع غزة بالطن,143000,البنية التحتية,النفايات والمخلفات,القنابل,عدد القنابل التي ألقيت على قطاع غزة بالطن,2024-03-06,قيمة إجمالية,"70,000",,أيكون,,,,,,,,,,,,,,,,,,,
متوسط القنابل لكل كم2,144000,البنية التحتية,النفايات والمخلفات,القنابل,متوسط القنابل لكل كم2,2024-03-06,قيمة إجمالية,192,,أيكون,,,,,,,,,,,,,,,,,,,
القنابل تعادل بالقنابل النووية,145000,البنية التحتية,النفايات والمخلفات,القنابل,القنابل تعادل بالقنابل النووية,2024-03-06,عدد,5,,أيكون,,,,,,,,,,,,,,,,,,,
 أنقاض مخلفات الحرب والردم بالطن,146000,البنية التحتية,النفايات والمخلفات,مخلفات الدمار, أنقاض مخلفات الحرب والردم بالطن,2024-03-09,قيمة إجمالية,"25,697,578",,أيكون,,,,,,,,,,,,,,,,,,,
 النفايات الصلبة بالطن,147000,البنية التحتية,النفايات والمخلفات,النفايات الصلبة, النفايات الصلبة بالطن,2024-03-09,قيمة إجمالية,"1,757,929",,أيكون,,,,,,,,,,,,,,,,,,,
المخلفات الطبية بالطن,148000,البنية التحتية,النفايات والمخلفات,النفايات الطبية,المخلفات الطبية بالطن,2024-03-09,قيمة إجمالية,799,,أيكون,,,,,,,,,,,,,,,,,,,
,149000,القطاع الاقتصادي," التشغيل، التجارة والخدمات ",التشغيل والتجارة والخدمات,"المنشآت التجارية المتضررة،  الأسواق الشعبية المتضررة،  البنوك المتضررة، عدد الأشخاص الذين فقدوا مصدر دخلهم الرئيسي.",2024-03-09,عدد,"424,999",64.08%,,,,,,,,,,,,,,,,,,,,
عدد الأشخاص الذين فقدوا  مصدر دخلهم الرئيسي وأعمالهم,150000,القطاع الاقتصادي,التشغيل,التشغيل,عدد الأشخاص الذين فقدوا  مصدر دخلهم الرئيسي وأعمالهم,2023-12-30,عدد,"393,000",67.41%,أيكون,,,,,,,,,,,,,,,,,,,
محال تجارية متضررة,151000,القطاع الاقتصادي,التجارة والخدمات,المنشآت التجارية,محال تجارية متضررة,2024-03-09,عدد,"13,706",51.52%,أيكون,,,,,,,,,,,,,,,,,,,
الأسواق الشعبية ,152000,القطاع الاقتصادي,التجارة والخدمات,المنشآت التجارية,الأسواق الشعبية ,2024-03-09,عدد,16,59.26%,أيكون,,,,,,,,,,,,,,,,,,,
المنشآت التجارية المتضررة بشكل بليغ أو كلي,153000,القطاع الاقتصادي,التجارة والخدمات,المنشآت التجارية,المنشآت التجارية المتضررة بشكل بليغ أو كلي,2024-03-09,عدد,"5,872",22.04%,دائرة,,,,,,,,,,,,,,,,,,,
المنشآت التجارية المتضررة بشكل جزئي,154000,القطاع الاقتصادي,التجارة والخدمات,المنشآت التجارية,المنشآت التجارية المتضررة بشكل جزئي,2024-03-09,عدد,"12,267",46.04%,دائرة,,,,,,,,,,,,,,,,,,,
المنشآت السياحية المتضررة ( الفنادق - المطاعم بيوت الضيافة ) بشكل بليغ أو كلي,155000,القطاع الاقتصادي,التجارة والخدمات,المنشآت السياحية,المنشآت السياحية المتضررة ( الفنادق - المطاعم بيوت الضيافة ) بشكل بليغ أو كلي,2024-03-09,عدد,52,32.30%,دائرة,,,,,,,,,,,,,,,,,,,
المنشآت السياحية المتضررة ( الفنادق - المطاعم بيوت الضيافة ) جزئياً,156000,القطاع الاقتصادي,التجارة والخدمات,المنشآت السياحية,المنشآت السياحية المتضررة ( الفنادق - المطاعم بيوت الضيافة ) جزئياً,2024-03-09,عدد,77,47.83%,دائرة,,,,,,,,,,,,,,,,,,,
بنوك متضررة بشكل بليغ أو كلي,157000,القطاع الاقتصادي,التجارة والخدمات,البنوك,بنوك متضررة بشكل بليغ أو كلي,2023-10-25,عدد,5,45.45%,أيكون,,,,,,,,,,,,,,,,,,,
بنوك متضررة جزئياً,158000,القطاع الاقتصادي,التجارة والخدمات,البنوك,بنوك متضررة جزئياً,2024-03-09,عدد,4,36.36%,أيكون,,,,,,,,,,,,,,,,,,,
,159000,القطاع الاقتصادي,الزراعة,الزراعة,"الأراضي الزراعية والمزارعين المتضررين ،  موانئ الصيد ومراكب الصيد المتضررة.",2024-03-09,عدد,"83,656",38.93%,,,,,,,,,,,,,,,,,,,,
الأراضي الزراعية المتضررة/م2,160000,القطاع الاقتصادي,الزراعة,الثروة الزراعية,الأراضي الزراعية المتضررة/م2,2024-03-09,عدد,"75,152",,أيكون,,,,,,,,,,,,,,,,,,,
الأشجار التي تم قلعها ,,القطاع الاقتصادي,الزراعة,الثروة الزراعية,الأشجار التي تم قلعها ,2024-02-28,عدد,0,,,,,,,,,,,,,,,,,,,,,
المخازن الزراعية ,161000,القطاع الاقتصادي,الزراعة,الثروة الزراعية,المخازن الزراعية ,2024-03-09,عدد,13,,أيكون,,,,,,,,,,,,,,,,,,,
المزارعين المتضررين,162000,القطاع الاقتصادي,الزراعة,الثروة الزراعية,المزارعين المتضررين,2024-03-09,عدد,"6,271",,أيكون,,,,,,,,,,,,,,,,,,,
المزارع الحيوانية ,163000,القطاع الاقتصادي,الزراعة,الثروة الحيوانية,المزارع الحيوانية ,2024-03-09,عدد,"2,045",,أيكون,,,,,,,,,,,,,,,,,,,
ميناء صيد,164000,القطاع الاقتصادي,الزراعة,الثروة السمكية,ميناء صيد,2024-03-09,عدد,2,,أيكون,,,,,,,,,,,,,,,,,,,
مراكب الصيد المتضررة,165000,القطاع الاقتصادي,الزراعة,الثروة السمكية,مراكب الصيد المتضررة,2024-03-09,عدد,173,,أيكون,,,,,,,,,,,,,,,,,,,
,166000,القطاع الاقتصادي,الصناعة,الصناعة,"المنشآت الصناعية المتضررة،  المخابز المتضررة،  مطاحن الدقيق المتضررة .",2024-03-09,عدد,"4,576",92.61%,,,,,,,,,,,,,,,,,,,,
المنشآت الصناعية المتضررة بشكل بليغ أو كلي,167000,القطاع الاقتصادي,الصناعة,المنشآت الصناعية,المنشآت الصناعية المتضررة بشكل بليغ أو كلي,2024-03-09,عدد,"2,088",,دائرة,,,,,,,,,,,,,,,,,,,
المنشآت الصناعية المتضررة بشكل جزئي,168000,القطاع الاقتصادي,الصناعة,المنشآت الصناعية,المنشآت الصناعية المتضررة بشكل جزئي,2024-03-09,عدد,"2,459",,دائرة,,,,,,,,,,,,,,,,,,,
المخابز المتضررة,169000,القطاع الاقتصادي,الصناعة,المنشآت الصناعية,المخابز المتضررة,2024-03-09,عدد,29,,أيكون,,,,,,,,,,,,,,,,,,,
مطاحن الدقيق المتضررة,170000,القطاع الاقتصادي,الصناعة,المنشآت الصناعية,مطاحن الدقيق المتضررة,2024-02-19,عدد,5,,أيكون,,,,,,,,,,,,,,,,,,,
,171000,الحكم الرشيد,الإدارة العامة,الإدارة العامة,التخطيط لإعادة الإعمار والتنمية ورواتب موظفي الحكومة,2024-03-09,,3.46,86.50%,,,,,,,,,,,,,,,,,,,,
إجمالي موظفي حكومة غزة,172000,الحكم الرشيد,الإدارة العامة,موظفي حكومة غزة,إجمالي موظفي حكومة غزة,2024-03-09,عدد,"50,000",,أيكون,,,,,,,,,,,,,,,,,,,
الموظفين العاملين أثناء العدوان,173000,الحكم الرشيد,الإدارة العامة,موظفي حكومة غزة,الموظفين العاملين أثناء العدوان,2024-03-09,عدد,"15,000",,أيكون,,,,,,,,,,,,,,,,,,,
نسبة الرواتب التي حصل عليها موظفو حكومة غزة خلال العدوان,174000,الحكم الرشيد,الإدارة العامة,موظفي حكومة غزة,نسبة الرواتب التي حصل عليها موظفو حكومة غزة خلال العدوان,2024-02-06,نسبة,10%,,أيكون,,,,,,,,,,,,,,,,,,,
إجمالي موظفي حكومة رام الله,175000,الحكم الرشيد,الإدارة العامة,موظفي حكومة رام الله,إجمالي موظفي حكومة رام الله,2024-03-09,عدد,"35,000",,أيكون,,,,,,,,,,,,,,,,,,,
إجمالي الموظفين على رأس عملهم,176000,الحكم الرشيد,الإدارة العامة,موظفي حكومة رام الله,إجمالي الموظفين على رأس عملهم,2024-03-09,عدد,"13,500",,أيكون,,,,,,,,,,,,,,,,,,,
إجمالي الموظفين العاملين أثناء العدوان,177000,الحكم الرشيد,الإدارة العامة,موظفي حكومة رام الله,إجمالي الموظفين العاملين أثناء العدوان,2024-03-09,عدد,"7,000",,أيكون,,,,,,,,,,,,,,,,,,,
نسبة الرواتب التي حصل عليها موظفو حكومة رام الله خلال العدوان,178000,الحكم الرشيد,الإدارة العامة,موظفي حكومة رام الله,نسبة الرواتب التي حصل عليها موظفو حكومة رام الله خلال العدوان,2024-03-09,نسبة,44.00%,,أيكون,,,,,,,,,,,,,,,,,,,
نسبة وجود خطة وطنية تشاركية لمرحلة إعادة الإعمار,179000,الحكم الرشيد,الإدارة العامة,الشراكة المجتمعية,نسبة وجود خطة وطنية تشاركية لمرحلة إعادة الإعمار,2024-03-09,نسبة,0,,أيكون,,,,,,,,,,,,,,,,,,,
نسبة وجود خطة وطنية تشاركية تنموية,180000,الحكم الرشيد,الإدارة العامة,الشراكة المجتمعية,نسبة وجود خطة وطنية تشاركية تنموية,2024-03-09,نسبة,0,,أيكون,,,,,,,,,,,,,,,,,,,
,181000,الحكم الرشيد,الحوكمة المحلية,الحوكمة المحلية,"آليات البلديات المتضررة،  نسبة خدمات المياه والصرف الصحي والنفايات الصلبة المتبقية.",2024-03-09,,4,80.30%,,,,,,,,,,,,,,,,,,,,
نسبة خدمات المياه المستمرة خلال العدوان,182000,الحكم الرشيد,الحوكمة المحلية,خدمات البلديات,نسبة خدمات المياه المستمرة خلال العدوان,2024-03-09,نسبة,20%,20%,أعمدة بيانية عرضية,,,,,,,,,,,,,,,,,,,
نسبة خدمات معالجة مياه الصرف الصحي المستمرة خلال العدوان,183000,الحكم الرشيد,الحوكمة المحلية,خدمات البلديات,نسبة خدمات معالجة مياه الصرف الصحي المستمرة خلال العدوان,2024-03-09,نسبة,0.00%,0%,أعمدة بيانية عرضية,,,,,,,,,,,,,,,,,,,
نسبة خدمات جمع النفايات الصلبة المستمرة خلال العدوان,184000,الحكم الرشيد,الحوكمة المحلية,خدمات البلديات,نسبة خدمات جمع النفايات الصلبة المستمرة خلال العدوان,2024-03-09,نسبة,20%,20%,أعمدة بيانية عرضية,,,,,,,,,,,,,,,,,,,
نسبة خدمات البنية التحتية لمخميات الإيواء المستمرة خلال العدوان,185000,الحكم الرشيد,الحوكمة المحلية,خدمات البلديات,نسبة خدمات البنية التحتية لمخميات الإيواء المستمرة خلال العدوان,2024-03-09,نسبة,30.00%,30%,أعمدة بيانية عرضية,,,,,,,,,,,,,,,,,,,
عدد الآليات المتضررة كليا من العدوان,186000,الحكم الرشيد,الحوكمة المحلية,خدمات البلديات,عدد الآليات المتضررة كليا من العدوان,2024-03-09,عدد,135,20%,دائرة,,,,,,,,,,,,,,,,,,,
عدد الآليات المتضررة جزئيا من العدوان,187000,الحكم الرشيد,الحوكمة المحلية,خدمات البلديات,عدد الآليات المتضررة جزئيا من العدوان,2024-03-09,عدد,337,51%,دائرة,,,,,,,,,,,,,,,,,,,
,188000,الحكم الرشيد,سيادة القانون وحقوق الإنسان,حقوق الإنسان,عدد انتهاكات الاحتلال المرصودة أو التي تم التحقيق فيها وكذلك الدعاوى المرفوعة ضد الاحتلال.,2024-03-09,عدد,"42,842",38.25%,,,,,,,,,,,,,,,,,,,,
عدد الانتهاكات المرصودة لجرائم الاحتلال,189000,الحكم الرشيد,سيادة القانون وحقوق الإنسان,جرائم الاحتلال,عدد الانتهاكات المرصودة لجرائم الاحتلال,2024-03-09,عدد,0,,أعمدة بيانية عرضية,,,,,,,,,,,,,,,,,,,
عدد انتهاكات الاحتلال التي تم التحقيق فيها,190000,الحكم الرشيد,سيادة القانون وحقوق الإنسان,جرائم الاحتلال,عدد انتهاكات الاحتلال التي تم التحقيق فيها,2024-03-09,عدد,0,,أعمدة بيانية عرضية,,,,,,,,,,,,,,,,,,,
عدد القضايا المرفوعة للتحقيق في جرائم الاحتلال,191000,الحكم الرشيد,سيادة القانون وحقوق الإنسان,جرائم الاحتلال,عدد القضايا المرفوعة للتحقيق في جرائم الاحتلال,2024-03-09,عدد,135,,أعمدة بيانية عرضية,,,,,,,,,,,,,,,,,,,
عدد القضايا التي تم فيها إدانة مبدئية أو نهائية للاحتلال,192000,الحكم الرشيد,سيادة القانون وحقوق الإنسان,جرائم الاحتلال,عدد القضايا التي تم فيها إدانة مبدئية أو نهائية للاحتلال,2024-03-09,عدد,14,,أعمدة بيانية عرضية,,,,,,,,,,,,,,,,,,,
النازحين الذين بحاجة إلى دعم قانوني حقوقي,193000,الحكم الرشيد,سيادة القانون وحقوق الإنسان,الدعم القانوني,النازحين الذين بحاجة إلى دعم قانوني حقوقي,2024-03-09,عدد,"2,600",,أيكون,,,,,,,,,,,,,,,,,,,
المؤسسات التي بحاجة إلى دعم قانوني حقوقي,194000,الحكم الرشيد,سيادة القانون وحقوق الإنسان,الدعم القانوني,المؤسسات التي بحاجة إلى دعم قانوني حقوقي,2024-03-09,عدد,"40,086",,أيكون,,,,,,,,,,,,,,,,,,,
عدد المؤسسات القضائية التي تثبت الحقوق القانونية,195000,الحكم الرشيد,سيادة القانون وحقوق الإنسان,الدعم القانوني,عدد المؤسسات القضائية التي تثبت الحقوق القانونية,2024-03-09,عدد,7,,أيكون,,,,,,,,,,,,,,,,,,,
عدد المؤسسات المنفذة للقانون,196000,الحكم الرشيد,سيادة القانون وحقوق الإنسان,الدعم القانوني,عدد المؤسسات المنفذة للقانون,2024-03-09,عدد,0,,أيكون,,,,,,,,,,,,,,,,,,,
,197000,الحكم الرشيد,التنفيذ والتنسيق,التنفيذ والتنسيق,"نسبة إنجاز تقييم الأضرار الأولي والتقييم النهائي للأضرار ،  ونسبة التقدم في تنفيذه إعادة الإعمار وتنفيذ البرامج والمشاريع التنموية.",2024-03-09,نسبة,60%,92.50%,,,,,,,,,,,,,,,,,,,,
نسبة إنجاز التقييم الأولي للأضرار,198000,الحكم الرشيد,التنفيذ والتنسيق,تقييم الأضرار,نسبة إنجاز التقييم الأولي للأضرار,2024-03-09,نسبة,50%,50.00%,أعمدة بيانية عرضية1,,,,,,,,,,,,,,,,,,,
نسبة إنجاز التقييم النهائي للأضرار,199000,الحكم الرشيد,التنفيذ والتنسيق,تقييم الأضرار,نسبة إنجاز التقييم النهائي للأضرار,2024-03-09,نسبة,10%,10.00%,أعمدة بيانية عرضية1,,,,,,,,,,,,,,,,,,,
نسبة وجود خطة متكاملة لإعادة الإعمار والتنمية,200000,الحكم الرشيد,التنفيذ والتنسيق,تقييم الأضرار,نسبة وجود خطة متكاملة لإعادة الإعمار والتنمية,2024-03-09,نسبة,0%,0.00%,أعمدة بيانية عرضية1,,,,,,,,,,,,,,,,,,,
نسبة التقدم في تنفيذ إعادة الإعمار,201000,الحكم الرشيد,التنفيذ والتنسيق,التنفيذ,نسبة التقدم في تنفيذ إعادة الإعمار,2024-03-09,نسبة,0%,0.00%,أعمدة بيانية عرضية2,,,,,,,,,,,,,,,,,,,
نسبة التقدم في تنفيذ البرامج والمشايع التنموية,202000,الحكم الرشيد,التنفيذ والتنسيق,التنفيذ,نسبة التقدم في تنفيذ البرامج والمشايع التنموية,2024-03-09,نسبة,0%,0.00%,أعمدة بيانية عرضية2,,,,,,,,,,,,,,,,,,,
نسبة التقدم في تنفيذ برامج ومشاريع التأهب للكوارث والأزمات الجديدة,203000,الحكم الرشيد,التنفيذ والتنسيق,التنفيذ,نسبة التقدم في تنفيذ برامج ومشاريع التأهب للكوارث والأزمات الجديدة,2024-03-09,نسبة,0%,0.00%,أعمدة بيانية عرضية2,,,,,,,,,,,,,,,,,,,
تم توزيع الأدوار بين الفاعلين في خطة إعادة الإعمار والتنمية,204000,الحكم الرشيد,التنفيذ والتنسيق,التنسيق,تم توزيع الأدوار بين الفاعلين في خطة إعادة الإعمار والتنمية,2024-03-09,نسبة,0%,0.00%,أعمدة بيانية عرضية3,,,,,,,,,,,,,,,,,,,
نسبة وجود تنسيق وتكامل بين الفاعلين لتنفيذ خطة إعادة الإعمار والتنمية,205000,الحكم الرشيد,التنفيذ والتنسيق,التنسيق,نسبة وجود تنسيق وتكامل بين الفاعلين لتنفيذ خطة إعادة الإعمار والتنمية,2024-03-09,نسبة,0%,0.00%,أعمدة بيانية عرضية3,,,,,,,,,,,,,,,,,,,
,206000,الحكم الرشيد,التأهب للكوارث والأزمات,التأهب للكوارث والأزمات,"منشآت وآليات الدفاع المدني المتضررة،  ونسبة كفاية مخزون المواد الغذائية،  ووصول الإغاثة للمتضررين.",2024-03-09,,"77,921",67.30%,,,,,,,,,,,,,,,,,,,,
وجود لجنة مركزية تشاركية لإدارة الطوارئ,207000,الحكم الرشيد,التأهب للكوارث والأزمات,الشراكة المجتمعية,وجود لجنة مركزية تشاركية لإدارة الطوارئ,2024-03-09,عدد,50%,,أيكون,,,,,,,,,,,,,,,,,,,
نسبة وجود خطة وطنية تشاركية لإدارة الطوارئ والتأهب للكوارث والأزمات,208000,الحكم الرشيد,التأهب للكوارث والأزمات,الشراكة المجتمعية,نسبة وجود خطة وطنية تشاركية لإدارة الطوارئ والتأهب للكوارث والأزمات,2024-03-09,نسبة,50%,,أيكون,,,,,,,,,,,,,,,,,,,
منشآت الدفاع المدني المتضررة  بشكل بليغ أو كلي,209000,الحكم الرشيد,التأهب للكوارث والأزمات,الدفاع المدني,منشآت الدفاع المدني المتضررة  بشكل بليغ أو كلي,2024-03-09,عدد,4,22.22%,دائرة1,,,,,,,,,,,,,,,,,,,
منشآت الدفاع المدني المتضررة جزئياً,210000,الحكم الرشيد,التأهب للكوارث والأزمات,الدفاع المدني,منشآت الدفاع المدني المتضررة جزئياً,2024-03-09,عدد,9,50.00%,دائرة1,,,,,,,,,,,,,,,,,,,
آليات الدفاع المدني المتضررة كليا,211000,الحكم الرشيد,التأهب للكوارث والأزمات,الدفاع المدني,آليات الدفاع المدني المتضررة كليا,2024-02-05,عدد,20,,دائرة2,,,,,,,,,,,,,,,,,,,
آليات الدفاع المدني المتضررة جزئياً,212000,الحكم الرشيد,التأهب للكوارث والأزمات,الدفاع المدني,آليات الدفاع المدني المتضررة جزئياً,2024-02-05,عدد,60,,دائرة2,,,,,,,,,,,,,,,,,,,
عجز الوقود لآليات الدفاع المدني,213000,الحكم الرشيد,التأهب للكوارث والأزمات,الدفاع المدني,عجز الوقود لآليات الدفاع المدني,2024-03-09,عدد,0.80,,أعمدة بيانية عرضية1,,,,,,,,,,,,,,,,,,,
معدل قدرة الدفاع المدني على انتشال المتضررين من العدوان من تحت الأنقاض,214000,الحكم الرشيد,التأهب للكوارث والأزمات,الدفاع المدني,معدل قدرة الدفاع المدني على انتشال المتضررين من العدوان من تحت الأنقاض,2024-03-09,نسبة,0.60,,أعمدة بيانية عرضية1,,,,,,,,,,,,,,,,,,,
قدرة الدفاع المدني على الوصول في الوقت المناسب لإنقاذ المتضررين في جميع محافظات قطاع غزة,215000,الحكم الرشيد,التأهب للكوارث والأزمات,الدفاع المدني,قدرة الدفاع المدني على الوصول في الوقت المناسب لإنقاذ المتضررين في جميع محافظات قطاع غزة,2024-03-09,نسبة,0.50,,أعمدة بيانية عرضية1,,,,,,,,,,,,,,,,,,,
نسبة توفر مخزون من المواد الإغاثية المنقذة للحياة,216000,الحكم الرشيد,التأهب للكوارث والأزمات,الإغاثة,نسبة توفر مخزون من المواد الإغاثية المنقذة للحياة,2024-03-09,نسبة,0.10,,أعمدة بيانية عرضية2,,,,,,,,,,,,,,,,,,,
نسبة وجود صندوق احتياطي كافٍ للإغاثة السريعة,217000,الحكم الرشيد,التأهب للكوارث والأزمات,الإغاثة,نسبة وجود صندوق احتياطي كافٍ للإغاثة السريعة,2024-03-09,نسبة,0.20,,أعمدة بيانية عرضية2,,,,,,,,,,,,,,,,,,,
نسبة وصول الإغاثة إلى المتضررين,218000,الحكم الرشيد,التأهب للكوارث والأزمات,الإغاثة,نسبة وصول الإغاثة إلى المتضررين,2024-03-09,نسبة,0.40,,أعمدة بيانية عرضية2,,,,,,,,,,,,,,,,,,,
عدد شاحنات المساعدات التي دخلت قطاع غزة,219000,الحكم الرشيد,التأهب للكوارث والأزمات,الإغاثة,عدد شاحنات المساعدات التي دخلت قطاع غزة,2024-03-09,عدد,"8,500.00",9.62%,أيكون,,,,,,,,,,,,,,,,,,,
عدد الشاحنات التجارية التي دخلت قطاع غزة,220000,الحكم الرشيد,التأهب للكوارث والأزمات,الإغاثة,عدد الشاحنات التجارية التي دخلت قطاع غزة,2024-03-09,عدد,"2,000.00",7.36%,أيكون,,,,,,,,,,,,,,,,,,,
0,,,,,,,,,,,,,,,,,,,,,,,,,,,,,
0,,,,,,,,,,,,,,,,,,,,,,,,,,,,,
0,,,,,,,,,,,,,,,,,,,,,,,,,,,,,
0,,,,,,,,,,,,,,,,,,,,,,,,,,,,,
0,,,,,,,,,,,,,,,,,,,,,,,,,,,,,
0,,,,,,,,,,,,,,,,,,,,,,,,,,,,,
0,,,,,,,,,,,,,,,,,,,,,,,,,,,,,
0,,,,,,,,,,,,,,,,,,,,,,,,,,,,,
0,,,,,,,,,,,,,,,,,,,,,,,,,,,,,
0,,,,,,,,,,,,,,,,,,,,,,,,,,,,,
0,,,,,,,,,,,,,,,,,,,,,,,,,,,,,
0,,,,,,,,,,,,,,,,,,,,,,,,,,,,,
0,,,,,,,,,,,,,,,,,,,,,,,,,,,,,
0,,,,,,,,,,,,,,,,,,,,,,,,,,,,,
0,,,,,,,,,,,,,,,,,,,,,,,,,,,,,
0,,,,,,,,,,,,,,,,,,,,,,,,,,,,,
0,,,,,,,,,,,,,,,,,,,,,,,,,,,,,
0,,,,,,,,,,,,,,,,,,,,,,,,,,,,,
0,,,,,,,,,,,,,,,,,,,,,,,,,,,,,
0,,,,,,,,,,,,,,,,,,,,,,,,,,,,,
0,,,,,,,,,,,,,,,,,,,,,,,,,,,,,
0,,,,,,,,,,,,,,,,,,,,,,,,,,,,,
0,,,,,,,,,,,,,,,,,,,,,,,,,,,,,
0,,,,,,,,,,,,,,,,,,,,,,,,,,,,,
0,,,,,,,,,,,,,,,,,,,,,,,,,,,,,
0,,,,,,,,,,,,,,,,,,,,,,,,,,,,,
